"ENTITY_ID","OBJ_ID","ACTV_IND"
"KFS1000","KFS1000","Y"
"KFS1001","KFS1001","Y"
"KFS1002","KFS1002","Y"
"KFS1003","KFS1003","Y"
"KFS1004","KFS1004","Y"
"KFS1005","KFS1005","Y"
"KFS1006","KFS1006","Y"
"KFS1007","KFS1007","Y"
"KFS1008","KFS1008","Y"
"KFS1009","KFS1009","Y"
"KFS1010","KFS1010","Y"
"KFS1011","KFS1011","Y"
"KFS1012","KFS1012","Y"
"KFS1013","KFS1013","Y"
"KFS1014","KFS1014","Y"
"KFS1015","KFS1015","Y"
"KFS1016","KFS1016","Y"
"KFS1017","KFS1017","Y"
"KFS1018","KFS1018","Y"
"KFS1019","KFS1019","Y"
"KFS1020","KFS1020","Y"
"KFS1021","KFS1021","Y"
"KFS1022","KFS1022","Y"
"KFS1023","KFS1023","Y"
"KFS1024","KFS1024","Y"
"KFS1025","KFS1025","Y"
"KFS1026","KFS1026","Y"
"KFS1027","KFS1027","Y"
"KFS1028","KFS1028","Y"
"KFS1029","KFS1029","Y"
"KFS1030","KFS1030","Y"
"KFS1031","KFS1031","Y"
"KFS1032","KFS1032","Y"
"KFS1033","KFS1033","Y"
"KFS1035","KFS1035","Y"
"KFS1036","KFS1036","Y"
"KFS1037","KFS1037","Y"
"KFS1038","KFS1038","Y"
"KFS1039","KFS1039","Y"
"KFS1040","KFS1040","Y"
"KFS1041","KFS1041","Y"
"KFS1042","KFS1042","Y"
"KFS1043","KFS1043","Y"
"KFS1044","KFS1044","Y"
"KFS1045","KFS1045","Y"
"KFS1046","KFS1046","Y"
"KFS1047","KFS1047","Y"
"KFS1048","KFS1048","Y"
"KFS1049","KFS1049","Y"
"KFS1050","KFS1050","Y"
"KFS1052","KFS1052","Y"
"KFS1053","KFS1053","Y"
"KFS1054","KFS1054","Y"
"KFS1055","KFS1055","Y"
"KFS1056","KFS1056","Y"
"KFS1057","KFS1057","Y"
"KFS1058","KFS1058","Y"
"KFS1059","KFS1059","Y"
"KFS1060","KFS1060","Y"
"KFS1061","KFS1061","Y"
"KFS1062","KFS1062","Y"
"KFS1063","KFS1063","Y"
"KFS1064","KFS1064","Y"
"KFS1065","KFS1065","Y"
"KFS1066","KFS1066","Y"
"KFS1067","KFS1067","Y"
"KFS1068","KFS1068","Y"
"KFS1069","KFS1069","Y"
"KFS1070","KFS1070","Y"
"KFS1071","KFS1071","Y"
"KFS1072","KFS1072","Y"
"KFS1073","KFS1073","Y"
"KFS1074","KFS1074","Y"
"KFS1075","KFS1075","Y"
"KFS1076","KFS1076","Y"
"KFS1077","KFS1077","Y"
"KFS1078","KFS1078","Y"
"KFS1079","KFS1079","Y"
"KFS1080","KFS1080","Y"
"KFS1081","KFS1081","Y"
"KFS1082","KFS1082","Y"
"KFS1083","KFS1083","Y"
"KFS1084","KFS1084","Y"
"KFS1085","KFS1085","Y"
"KFS1086","KFS1086","Y"
"KFS1087","KFS1087","Y"
"KFS1088","KFS1088","Y"
"KFS1089","KFS1089","Y"
"KFS1090","KFS1090","Y"
"KFS1091","KFS1091","Y"
"KFS1092","KFS1092","Y"
"KFS1093","KFS1093","Y"
"KFS1094","KFS1094","Y"
"KFS1095","KFS1095","Y"
"KFS1096","KFS1096","Y"
"KFS1097","KFS1097","Y"
"KFS1098","KFS1098","Y"
"KFS1099","KFS1099","Y"
"KFS1100","KFS1100","Y"
"KFS1101","KFS1101","Y"
"KFS1102","KFS1102","Y"
"KFS1103","KFS1103","Y"
"KFS1104","KFS1104","Y"
"KFS1105","KFS1105","Y"
"KFS1106","KFS1106","Y"
"KFS1107","KFS1107","Y"
"KFS1108","KFS1108","Y"
"KFS1109","KFS1109","Y"
"KFS1110","KFS1110","Y"
"KFS1111","KFS1111","Y"
"KFS1112","KFS1112","Y"
"KFS1113","KFS1113","Y"
"KFS1114","KFS1114","Y"
"KFS1115","KFS1115","Y"
"KFS1117","KFS1117","Y"
"KFS1122","KFS1122","Y"
"KFS1123","KFS1123","Y"
"KFS1124","KFS1124","Y"
"KFS1125","KFS1125","Y"
"KFS1137","KFS1137","Y"
"KFS1138","KFS1138","Y"
"KFS1143","KFS1143","Y"
"KFS1146","KFS1146","Y"
"KFS1165","KFS1165","Y"
"KFS1168","KFS1168","Y"
"KFS1172","KFS1172","Y"
"KFS1231","KFS1231","Y"
"KFS1232","KFS1232","Y"
"KFS1264","KFS1264","Y"
"KFS1309","KFS1309","Y"
"KFS1315","KFS1315","Y"
"KFS1334","KFS1334","Y"
"KFS1337","KFS1337","Y"
"KFS1361","KFS1361","Y"
"KFS1399","KFS1399","Y"
"KFS1423","KFS1423","Y"
"KFS1433","KFS1433","Y"
"KFS1438","KFS1438","Y"
"KFS1441","KFS1441","Y"
"KFS1444","KFS1444","Y"
"KFS1453","KFS1453","Y"
"KFS1455","KFS1455","Y"
"KFS1470","KFS1470","Y"
"KFS1482","KFS1482","Y"
"KFS1515","KFS1515","Y"
"KFS1520","KFS1520","Y"
"KFS1525","KFS1525","Y"
"KFS1526","KFS1526","Y"
"KFS1531","KFS1531","Y"
"KFS1545","KFS1545","Y"
"KFS1556","KFS1556","Y"
"KFS1574","KFS1574","Y"
"KFS1586","KFS1586","Y"
"KFS1599","KFS1599","Y"
"KFS1601","KFS1601","Y"
"KFS1603","KFS1603","Y"
"KFS1625","KFS1625","Y"
"KFS1637","KFS1637","Y"
"KFS1638","KFS1638","Y"
"KFS1656","KFS1656","Y"
"KFS1676","KFS1676","Y"
"KFS1686","KFS1686","Y"
"KFS1689","KFS1689","Y"
"KFS1705","KFS1705","Y"
"KFS1717","KFS1717","Y"
"KFS1731","KFS1731","Y"
"KFS1744","KFS1744","Y"
"KFS1747","KFS1747","Y"
"KFS1783","KFS1783","Y"
"KFS1861","KFS1861","Y"
"KFS1864","KFS1864","Y"
"KFS1870","KFS1870","Y"
"KFS1884","KFS1884","Y"
"KFS2018","KFS2018","Y"
"KFS2019","KFS2019","Y"
"KFS2049","KFS2049","Y"
"KFS2053","KFS2053","Y"
"KFS2062","KFS2062","Y"
"KFS2073","KFS2073","Y"
"KFS2075","KFS2075","Y"
"KFS2138","KFS2138","Y"
"KFS2163","KFS2163","Y"
"KFS2204","KFS2204","Y"
"KFS2224","KFS2224","Y"
"KFS2227","KFS2227","Y"
"KFS2230","KFS2230","Y"
"KFS2235","KFS2235","Y"
"KFS2236","KFS2236","Y"
"KFS2247","KFS2247","Y"
"KFS2284","KFS2284","Y"
"KFS2344","KFS2344","Y"
"KFS2369","KFS2369","Y"
"KFS2376","KFS2376","Y"
"KFS2377","KFS2377","Y"
"KFS2382","KFS2382","Y"
"KFS2383","KFS2383","Y"
"KFS2388","KFS2388","Y"
"KFS2389","KFS2389","Y"
"KFS2409","KFS2409","Y"
"KFS2412","KFS2412","Y"
"KFS2492","KFS2492","Y"
"KFS2533","KFS2533","Y"
"KFS2534","KFS2534","Y"
"KFS2535","KFS2535","Y"
"KFS2549","KFS2549","Y"
"KFS2550","KFS2550","Y"
"KFS2552","KFS2552","Y"
"KFS2554","KFS2554","Y"
"KFS2559","KFS2559","Y"
"KFS2566","KFS2566","Y"
"KFS2567","KFS2567","Y"
"KFS2568","KFS2568","Y"
"KFS2578","KFS2578","Y"
"KFS2582","KFS2582","Y"
"KFS2584","KFS2584","Y"
"KFS2587","KFS2587","Y"
"KFS2588","KFS2588","Y"
"KFS2593","KFS2593","Y"
"KFS2594","KFS2594","Y"
"KFS2595","KFS2595","Y"
"KFS2602","KFS2602","Y"
"KFS2606","KFS2606","Y"
"KFS2607","KFS2607","Y"
"KFS2612","KFS2612","Y"
"KFS2616","KFS2616","Y"
"KFS2621","KFS2621","Y"
"KFS2629","KFS2629","Y"
"KFS2631","KFS2631","Y"
"KFS2641","KFS2641","Y"
"KFS2646","KFS2646","Y"
"KFS2648","KFS2648","Y"
"KFS2651","KFS2651","Y"
"KFS2655","KFS2655","Y"
"KFS2656","KFS2656","Y"
"KFS2657","KFS2657","Y"
"KFS2658","KFS2658","Y"
"KFS2659","KFS2659","Y"
"KFS2693","KFS2693","Y"
"KFS2694","KFS2694","Y"
"KFS2695","KFS2695","Y"
"KFS2734","KFS2734","Y"
"KFS2742","KFS2742","Y"
"KFS2743","KFS2743","Y"
"KFS2744","KFS2744","Y"
"KFS2745","KFS2745","Y"
"KFS2746","KFS2746","Y"
"KFS2747","KFS2747","Y"
"KFS2748","KFS2748","Y"
"KFS2749","KFS2749","Y"
"KFS2750","KFS2750","Y"
"KFS2751","KFS2751","Y"
"KFS2752","KFS2752","Y"
"KFS2753","KFS2753","Y"
"KFS2754","KFS2754","Y"
"KFS2755","KFS2755","Y"
"KFS2756","KFS2756","Y"
"KFS2757","KFS2757","Y"
"KFS2758","KFS2758","Y"
"KFS2759","KFS2759","Y"
"KFS2760","KFS2760","Y"
"KFS2761","KFS2761","Y"
"KFS2762","KFS2762","Y"
"KFS2763","KFS2763","Y"
"KFS2764","KFS2764","Y"
"KFS2765","KFS2765","Y"
"KFS2766","KFS2766","Y"
"KFS2767","KFS2767","Y"
"KFS2768","KFS2768","Y"
"KFS2769","KFS2769","Y"
"KFS2770","KFS2770","Y"
"KFS2771","KFS2771","Y"
"KFS2772","KFS2772","Y"
"KFS2773","KFS2773","Y"
"KFS2774","KFS2774","Y"
"KFS2775","KFS2775","Y"
"KFS2776","KFS2776","Y"
"KFS2777","KFS2777","Y"
"KFS2778","KFS2778","Y"
"KFS2779","KFS2779","Y"
"KFS2780","KFS2780","Y"
"KFS2781","KFS2781","Y"
"KFS2782","KFS2782","Y"
"KFS2783","KFS2783","Y"
"KFS2784","KFS2784","Y"
"KFS2785","KFS2785","Y"
"KFS2786","KFS2786","Y"
"KFS2787","KFS2787","Y"
"KFS2788","KFS2788","Y"
"KFS2789","KFS2789","Y"
"KFS2790","KFS2790","Y"
"KFS2791","KFS2791","Y"
"KFS2792","KFS2792","Y"
"KFS2793","KFS2793","Y"
"KFS2794","KFS2794","Y"
"KFS2795","KFS2795","Y"
"KFS2796","KFS2796","Y"
"KFS2797","KFS2797","Y"
"KFS2798","KFS2798","Y"
"KFS2799","KFS2799","Y"
"KFS2800","KFS2800","Y"
"KFS2801","KFS2801","Y"
"KFS2802","KFS2802","Y"
"KFS2803","KFS2803","Y"
"KFS2804","KFS2804","Y"
"KFS2805","KFS2805","Y"
"KFS2806","KFS2806","Y"
"KFS2807","KFS2807","Y"
"KFS2808","KFS2808","Y"
"KFS2809","KFS2809","Y"
"KFS2810","KFS2810","Y"
"KFS2811","KFS2811","Y"
"KFS2812","KFS2812","Y"
"KFS2813","KFS2813","Y"
"KFS2814","KFS2814","Y"
"KFS2815","KFS2815","Y"
"KFS2816","KFS2816","Y"
"KFS2817","KFS2817","Y"
"KFS2818","KFS2818","Y"
"KFS2819","KFS2819","Y"
"KFS2820","KFS2820","Y"
"KFS2821","KFS2821","Y"
"KFS2822","KFS2822","Y"
"KFS2823","KFS2823","Y"
"KFS2824","KFS2824","Y"
"KFS2825","KFS2825","Y"
"KFS2826","KFS2826","Y"
"KFS2827","KFS2827","Y"
"KFS2828","KFS2828","Y"
"KFS2829","KFS2829","Y"
"KFS2830","KFS2830","Y"
"KFS2831","KFS2831","Y"
"KFS2832","KFS2832","Y"
"KFS2833","KFS2833","Y"
"KFS2834","KFS2834","Y"
"KFS2835","KFS2835","Y"
"KFS2836","KFS2836","Y"
"KFS2837","KFS2837","Y"
"KFS2838","KFS2838","Y"
"KFS2839","KFS2839","Y"
"KFS2840","KFS2840","Y"
"KFS2841","KFS2841","Y"
"KFS2842","KFS2842","Y"
"KFS2843","KFS2843","Y"
"KFS2844","KFS2844","Y"
"KFS2845","KFS2845","Y"
"KFS2846","KFS2846","Y"
"KFS2847","KFS2847","Y"
"KFS2848","KFS2848","Y"
"KFS2849","KFS2849","Y"
"KFS2850","KFS2850","Y"
"KFS2851","KFS2851","Y"
"KFS2852","KFS2852","Y"
"KFS2853","KFS2853","Y"
"KFS2854","KFS2854","Y"
"KFS2855","KFS2855","Y"
"KFS2856","KFS2856","Y"
"KFS2857","KFS2857","Y"
"KFS2858","KFS2858","Y"
"KFS2859","KFS2859","Y"
"KFS2860","KFS2860","Y"
"KFS2861","KFS2861","Y"
"KFS2862","KFS2862","Y"
"KFS2863","KFS2863","Y"
"KFS2864","KFS2864","Y"
"KFS2865","KFS2865","Y"
"KFS2866","KFS2866","Y"
"KFS2867","KFS2867","Y"
"KFS2868","KFS2868","Y"
"KFS2869","KFS2869","Y"
"KFS2870","KFS2870","Y"
"KFS2871","KFS2871","Y"
"KFS2872","KFS2872","Y"
"KFS2873","KFS2873","Y"
"KFS2874","KFS2874","Y"
"KFS2875","KFS2875","Y"
"KFS2876","KFS2876","Y"
"KFS2877","KFS2877","Y"
"KFS2878","KFS2878","Y"
"KFS2879","KFS2879","Y"
"KFS2880","KFS2880","Y"
"KFS2881","KFS2881","Y"
"KFS2882","KFS2882","Y"
"KFS2883","KFS2883","Y"
"KFS2884","KFS2884","Y"
"KFS2885","KFS2885","Y"
"KFS2886","KFS2886","Y"
"KFS2887","KFS2887","Y"
"KFS2888","KFS2888","Y"
"KFS2889","KFS2889","Y"
"KFS2890","KFS2890","Y"
"KFS2891","KFS2891","Y"
"KFS2892","KFS2892","Y"
"KFS2893","KFS2893","Y"
"KFS2894","KFS2894","Y"
"KFS2895","KFS2895","Y"
"KFS2896","KFS2896","Y"
"KFS2897","KFS2897","Y"
"KFS2898","KFS2898","Y"
"KFS2899","KFS2899","Y"
"KFS2900","KFS2900","Y"
"KFS2901","KFS2901","Y"
"KFS2902","KFS2902","Y"
"KFS2903","KFS2903","Y"
"KFS2904","KFS2904","Y"
"KFS2905","KFS2905","Y"
"KFS2906","KFS2906","Y"
"KFS2907","KFS2907","Y"
"KFS2908","KFS2908","Y"
"KFS2909","KFS2909","Y"
"KFS2910","KFS2910","Y"
"KFS2911","KFS2911","Y"
"KFS2912","KFS2912","Y"
"KFS2913","KFS2913","Y"
"KFS2914","KFS2914","Y"
"KFS2915","KFS2915","Y"
"KFS2916","KFS2916","Y"
"KFS2917","KFS2917","Y"
"KFS2918","KFS2918","Y"
"KFS2919","KFS2919","Y"
"KFS2920","KFS2920","Y"
"KFS2921","KFS2921","Y"
"KFS2922","KFS2922","Y"
"KFS2923","KFS2923","Y"
"KFS2924","KFS2924","Y"
"KFS2925","KFS2925","Y"
"KFS2926","KFS2926","Y"
"KFS2927","KFS2927","Y"
"KFS2928","KFS2928","Y"
"KFS2929","KFS2929","Y"
"KFS2930","KFS2930","Y"
"KFS2931","KFS2931","Y"
"KFS2932","KFS2932","Y"
"KFS2933","KFS2933","Y"
"KFS2934","KFS2934","Y"
"KFS2935","KFS2935","Y"
"KFS2936","KFS2936","Y"
"KFS2937","KFS2937","Y"
"KFS2938","KFS2938","Y"
"KFS2939","KFS2939","Y"
"KFS2940","KFS2940","Y"
"KFS2941","KFS2941","Y"
"KFS2942","KFS2942","Y"
"KFS2943","KFS2943","Y"
"KFS2944","KFS2944","Y"
"KFS2945","KFS2945","Y"
"KFS2946","KFS2946","Y"
"KFS2947","KFS2947","Y"
"KFS2948","KFS2948","Y"
"KFS2949","KFS2949","Y"
"KFS2950","KFS2950","Y"
"KFS2951","KFS2951","Y"
"KFS2952","KFS2952","Y"
"KFS2953","KFS2953","Y"
"KFS2954","KFS2954","Y"
"KFS2955","KFS2955","Y"
"KFS2956","KFS2956","Y"
"KFS2957","KFS2957","Y"
"KFS2958","KFS2958","Y"
"KFS2959","KFS2959","Y"
"KFS2960","KFS2960","Y"
"KFS2961","KFS2961","Y"
"KFS2962","KFS2962","Y"
"KFS2963","KFS2963","Y"
"KFS2964","KFS2964","Y"
"KFS2965","KFS2965","Y"
"KFS2966","KFS2966","Y"
"KFS2967","KFS2967","Y"
"KFS2968","KFS2968","Y"
"KFS2969","KFS2969","Y"
"KFS2970","KFS2970","Y"
"KFS2971","KFS2971","Y"
"KFS2972","KFS2972","Y"
"KFS2973","KFS2973","Y"
"KFS2974","KFS2974","Y"
"KFS2975","KFS2975","Y"
"KFS2976","KFS2976","Y"
"KFS2977","KFS2977","Y"
"KFS2978","KFS2978","Y"
"KFS2979","KFS2979","Y"
"KFS2980","KFS2980","Y"
"KFS2981","KFS2981","Y"
"KFS2982","KFS2982","Y"
"KFS2983","KFS2983","Y"
"KFS2984","KFS2984","Y"
"KFS2985","KFS2985","Y"
"KFS2986","KFS2986","Y"
"KFS2987","KFS2987","Y"
"KFS2988","KFS2988","Y"
"KFS2989","KFS2989","Y"
"KFS2990","KFS2990","Y"
"KFS2991","KFS2991","Y"
"KFS2992","KFS2992","Y"
"KFS2993","KFS2993","Y"
"KFS2994","KFS2994","Y"
"KFS2995","KFS2995","Y"
"KFS2996","KFS2996","Y"
"KFS2997","KFS2997","Y"
"KFS2998","KFS2998","Y"
"KFS2999","KFS2999","Y"
"KFS3000","KFS3000","Y"
"KFS3001","KFS3001","Y"
"KFS3002","KFS3002","Y"
"KFS3003","KFS3003","Y"
"KFS3004","KFS3004","Y"
"KFS3005","KFS3005","Y"
"KFS3006","KFS3006","Y"
"KFS3007","KFS3007","Y"
"KFS3008","KFS3008","Y"
"KFS3009","KFS3009","Y"
"KFS3010","KFS3010","Y"
"KFS3011","KFS3011","Y"
"KFS3012","KFS3012","Y"
"KFS3013","KFS3013","Y"
"KFS3014","KFS3014","Y"
"KFS3015","KFS3015","Y"
"KFS3016","KFS3016","Y"
"KFS3017","KFS3017","Y"
"KFS3018","KFS3018","Y"
"KFS3019","KFS3019","Y"
"KFS3020","KFS3020","Y"
"KFS3021","KFS3021","Y"
"KFS3022","KFS3022","Y"
"KFS3023","KFS3023","Y"
"KFS3024","KFS3024","Y"
"KFS3025","KFS3025","Y"
"KFS3026","KFS3026","Y"
"KFS3027","KFS3027","Y"
"KFS3028","KFS3028","Y"
"KFS3029","KFS3029","Y"
"KFS3030","KFS3030","Y"
"KFS3031","KFS3031","Y"
"KFS3032","KFS3032","Y"
"KFS3033","KFS3033","Y"
"KFS3034","KFS3034","Y"
"KFS3035","KFS3035","Y"
"KFS3036","KFS3036","Y"
"KFS3037","KFS3037","Y"
"KFS3038","KFS3038","Y"
"KFS3039","KFS3039","Y"
"KFS3040","KFS3040","Y"
"KFS3041","KFS3041","Y"
"KFS3042","KFS3042","Y"
"KFS3043","KFS3043","Y"
"KFS3044","KFS3044","Y"
"KFS3045","KFS3045","Y"
"KFS3046","KFS3046","Y"
"KFS3047","KFS3047","Y"
"KFS3048","KFS3048","Y"
"KFS3049","KFS3049","Y"
"KFS3050","KFS3050","Y"
"KFS3051","KFS3051","Y"
"KFS3052","KFS3052","Y"
"KFS3053","KFS3053","Y"
"KFS3054","KFS3054","Y"
"KFS3055","KFS3055","Y"
"KFS3056","KFS3056","Y"
"KFS3057","KFS3057","Y"
"KFS3058","KFS3058","Y"
"KFS3059","KFS3059","Y"
"KFS3060","KFS3060","Y"
"KFS3061","KFS3061","Y"
"KFS3062","KFS3062","Y"
"KFS3063","KFS3063","Y"
"KFS3064","KFS3064","Y"
"KFS3065","KFS3065","Y"
"KFS3066","KFS3066","Y"
"KFS3067","KFS3067","Y"
"KFS3068","KFS3068","Y"
"KFS3069","KFS3069","Y"
"KFS3070","KFS3070","Y"
"KFS3071","KFS3071","Y"
"KFS3072","KFS3072","Y"
"KFS3073","KFS3073","Y"
"KFS3074","KFS3074","Y"
"KFS3075","KFS3075","Y"
"KFS3076","KFS3076","Y"
"KFS3077","KFS3077","Y"
"KFS3078","KFS3078","Y"
"KFS3079","KFS3079","Y"
"KFS3080","KFS3080","Y"
"KFS3081","KFS3081","Y"
"KFS3082","KFS3082","Y"
"KFS3083","KFS3083","Y"
"KFS3084","KFS3084","Y"
"KFS3085","KFS3085","Y"
"KFS3086","KFS3086","Y"
"KFS3087","KFS3087","Y"
"KFS3088","KFS3088","Y"
"KFS3089","KFS3089","Y"
"KFS3090","KFS3090","Y"
"KFS3091","KFS3091","Y"
"KFS3092","KFS3092","Y"
"KFS3093","KFS3093","Y"
"KFS3094","KFS3094","Y"
"KFS3095","KFS3095","Y"
"KFS3096","KFS3096","Y"
"KFS3097","KFS3097","Y"
"KFS3098","KFS3098","Y"
"KFS3099","KFS3099","Y"
"KFS3100","KFS3100","Y"
"KFS3101","KFS3101","Y"
"KFS3102","KFS3102","Y"
"KFS3103","KFS3103","Y"
"KFS3104","KFS3104","Y"
"KFS3105","KFS3105","Y"
"KFS3106","KFS3106","Y"
"KFS3107","KFS3107","Y"
"KFS3108","KFS3108","Y"
"KFS3109","KFS3109","Y"
"KFS3110","KFS3110","Y"
"KFS3111","KFS3111","Y"
"KFS3112","KFS3112","Y"
"KFS3113","KFS3113","Y"
"KFS3114","KFS3114","Y"
"KFS3115","KFS3115","Y"
"KFS3116","KFS3116","Y"
"KFS3117","KFS3117","Y"
"KFS3118","KFS3118","Y"
"KFS3119","KFS3119","Y"
"KFS3120","KFS3120","Y"
"KFS3121","KFS3121","Y"
"KFS3122","KFS3122","Y"
"KFS3123","KFS3123","Y"
"KFS3124","KFS3124","Y"
"KFS3125","KFS3125","Y"
"KFS3126","KFS3126","Y"
"KFS3127","KFS3127","Y"
"KFS3128","KFS3128","Y"
"KFS3129","KFS3129","Y"
"KFS3130","KFS3130","Y"
"KFS3131","KFS3131","Y"
"KFS3132","KFS3132","Y"
"KFS3133","KFS3133","Y"
"KFS3134","KFS3134","Y"
"KFS3135","KFS3135","Y"
"KFS3136","KFS3136","Y"
"KFS3137","KFS3137","Y"
"KFS3138","KFS3138","Y"
"KFS3139","KFS3139","Y"
"KFS3140","KFS3140","Y"
"KFS3141","KFS3141","Y"
"KFS3142","KFS3142","Y"
"KFS3143","KFS3143","Y"
"KFS3144","KFS3144","Y"
"KFS3145","KFS3145","Y"
"KFS3146","KFS3146","Y"
"KFS3147","KFS3147","Y"
"KFS3148","KFS3148","Y"
"KFS3149","KFS3149","Y"
"KFS3150","KFS3150","Y"
"KFS3151","KFS3151","Y"
"KFS3152","KFS3152","Y"
"KFS3153","KFS3153","Y"
"KFS3154","KFS3154","Y"
"KFS3155","KFS3155","Y"
"KFS3156","KFS3156","Y"
"KFS3157","KFS3157","Y"
"KFS3158","KFS3158","Y"
"KFS3159","KFS3159","Y"
"KFS3160","KFS3160","Y"
"KFS3161","KFS3161","Y"
"KFS3162","KFS3162","Y"
"KFS3163","KFS3163","Y"
"KFS3164","KFS3164","Y"
"KFS3165","KFS3165","Y"
"KFS3166","KFS3166","Y"
"KFS3167","KFS3167","Y"
"KFS3168","KFS3168","Y"
"KFS3169","KFS3169","Y"
"KFS3170","KFS3170","Y"
"KFS3171","KFS3171","Y"
"KFS3172","KFS3172","Y"
"KFS3173","KFS3173","Y"
"KFS3174","KFS3174","Y"
"KFS3175","KFS3175","Y"
"KFS3176","KFS3176","Y"
"KFS3177","KFS3177","Y"
"KFS3178","KFS3178","Y"
"KFS3179","KFS3179","Y"
"KFS3180","KFS3180","Y"
"KFS3181","KFS3181","Y"
"KFS3182","KFS3182","Y"
"KFS3183","KFS3183","Y"
"KFS3184","KFS3184","Y"
"KFS3185","KFS3185","Y"
"KFS3186","KFS3186","Y"
"KFS3187","KFS3187","Y"
"KFS3188","KFS3188","Y"
"KFS3189","KFS3189","Y"
"KFS3190","KFS3190","Y"
"KFS3191","KFS3191","Y"
"KFS3192","KFS3192","Y"
"KFS3193","KFS3193","Y"
"KFS3194","KFS3194","Y"
"KFS3195","KFS3195","Y"
"KFS3196","KFS3196","Y"
"KFS3197","KFS3197","Y"
"KFS3198","KFS3198","Y"
"KFS3199","KFS3199","Y"
"KFS3200","KFS3200","Y"
"KFS3201","KFS3201","Y"
"KFS3202","KFS3202","Y"
"KFS3203","KFS3203","Y"
"KFS3204","KFS3204","Y"
"KFS3205","KFS3205","Y"
"KFS3206","KFS3206","Y"
"KFS3207","KFS3207","Y"
"KFS3208","KFS3208","Y"
"KFS3209","KFS3209","Y"
"KFS3210","KFS3210","Y"
"KFS3211","KFS3211","Y"
"KFS3212","KFS3212","Y"
"KFS3213","KFS3213","Y"
"KFS3214","KFS3214","Y"
"KFS3215","KFS3215","Y"
"KFS3216","KFS3216","Y"
"KFS3217","KFS3217","Y"
"KFS3218","KFS3218","Y"
"KFS3219","KFS3219","Y"
"KFS3220","KFS3220","Y"
"KFS3221","KFS3221","Y"
"KFS3222","KFS3222","Y"
"KFS3223","KFS3223","Y"
"KFS3224","KFS3224","Y"
"KFS3225","KFS3225","Y"
"KFS3226","KFS3226","Y"
"KFS3227","KFS3227","Y"
"KFS3228","KFS3228","Y"
"KFS3229","KFS3229","Y"
"KFS3230","KFS3230","Y"
"KFS3231","KFS3231","Y"
"KFS3232","KFS3232","Y"
"KFS3233","KFS3233","Y"
"KFS3234","KFS3234","Y"
"KFS3235","KFS3235","Y"
"KFS3236","KFS3236","Y"
"KFS3237","KFS3237","Y"
"KFS3238","KFS3238","Y"
"KFS3239","KFS3239","Y"
"KFS3240","KFS3240","Y"
"KFS3241","KFS3241","Y"
"KFS3242","KFS3242","Y"
"KFS3243","KFS3243","Y"
"KFS3244","KFS3244","Y"
"KFS3245","KFS3245","Y"
"KFS3246","KFS3246","Y"
"KFS3247","KFS3247","Y"
"KFS3248","KFS3248","Y"
"KFS3249","KFS3249","Y"
"KFS3250","KFS3250","Y"
"KFS3251","KFS3251","Y"
"KFS3252","KFS3252","Y"
"KFS3253","KFS3253","Y"
"KFS3254","KFS3254","Y"
"KFS3255","KFS3255","Y"
"KFS3256","KFS3256","Y"
"KFS3257","KFS3257","Y"
"KFS3258","KFS3258","Y"
"KFS3259","KFS3259","Y"
"KFS3260","KFS3260","Y"
"KFS3261","KFS3261","Y"
"KFS3262","KFS3262","Y"
"KFS3263","KFS3263","Y"
"KFS3264","KFS3264","Y"
"KFS3265","KFS3265","Y"
"KFS3266","KFS3266","Y"
"KFS3267","KFS3267","Y"
"KFS3268","KFS3268","Y"
"KFS3269","KFS3269","Y"
"KFS3270","KFS3270","Y"
"KFS3272","KFS3272","Y"
"KFS3273","KFS3273","Y"
"KFS3274","KFS3274","Y"
"KFS3275","KFS3275","Y"
"KFS3276","KFS3276","Y"
"KFS3277","KFS3277","Y"
"KFS3278","KFS3278","Y"
"KFS3279","KFS3279","Y"
"KFS3280","KFS3280","Y"
"KFS3281","KFS3281","Y"
"KFS3282","KFS3282","Y"
"KFS3283","KFS3283","Y"
"KFS3284","KFS3284","Y"
"KFS3285","KFS3285","Y"
"KFS3286","KFS3286","Y"
"KFS3287","KFS3287","Y"
"KFS3288","KFS3288","Y"
"KFS3289","KFS3289","Y"
"KFS3290","KFS3290","Y"
"KFS3291","KFS3291","Y"
"KFS3292","KFS3292","Y"
"KFS3293","KFS3293","Y"
"KFS3294","KFS3294","Y"
"KFS3295","KFS3295","Y"
"KFS3296","KFS3296","Y"
"KFS3297","KFS3297","Y"
"KFS3298","KFS3298","Y"
"KFS3299","KFS3299","Y"
"KFS3300","KFS3300","Y"
"KFS3301","KFS3301","Y"
"KFS3302","KFS3302","Y"
"KFS3303","KFS3303","Y"
"KFS3304","KFS3304","Y"
"KFS3305","KFS3305","Y"
"KFS3306","KFS3306","Y"
"KFS3307","KFS3307","Y"
"KFS3308","KFS3308","Y"
"KFS3309","KFS3309","Y"
"KFS3310","KFS3310","Y"
"KFS3311","KFS3311","Y"
"KFS3312","KFS3312","Y"
"KFS3313","KFS3313","Y"
"KFS3314","KFS3314","Y"
"KFS3315","KFS3315","Y"
"KFS3316","KFS3316","Y"
"KFS3317","KFS3317","Y"
"KFS3318","KFS3318","Y"
"KFS3319","KFS3319","Y"
"KFS3320","KFS3320","Y"
"KFS3321","KFS3321","Y"
"KFS3322","KFS3322","Y"
"KFS3323","KFS3323","Y"
"KFS3324","KFS3324","Y"
"KFS3325","KFS3325","Y"
"KFS3326","KFS3326","Y"
"KFS3327","KFS3327","Y"
"KFS3328","KFS3328","Y"
"KFS3329","KFS3329","Y"
"KFS3330","KFS3330","Y"
"KFS3331","KFS3331","Y"
"KFS3332","KFS3332","Y"
"KFS3333","KFS3333","Y"
"KFS3334","KFS3334","Y"
"KFS3335","KFS3335","Y"
"KFS3336","KFS3336","Y"
"KFS3337","KFS3337","Y"
"KFS3338","KFS3338","Y"
"KFS3339","KFS3339","Y"
"KFS3340","KFS3340","Y"
"KFS3341","KFS3341","Y"
"KFS3342","KFS3342","Y"
"KFS3343","KFS3343","Y"
"KFS3344","KFS3344","Y"
"KFS3345","KFS3345","Y"
"KFS3346","KFS3346","Y"
"KFS3347","KFS3347","Y"
"KFS3348","KFS3348","Y"
"KFS3349","KFS3349","Y"
"KFS3350","KFS3350","Y"
"KFS3351","KFS3351","Y"
"KFS3352","KFS3352","Y"
"KFS3353","KFS3353","Y"
"KFS3354","KFS3354","Y"
"KFS3355","KFS3355","Y"
"KFS3356","KFS3356","Y"
"KFS3357","KFS3357","Y"
"KFS3358","KFS3358","Y"
"KFS3359","KFS3359","Y"
"KFS3360","KFS3360","Y"
"KFS3361","KFS3361","Y"
"KFS3362","KFS3362","Y"
"KFS3363","KFS3363","Y"
"KFS3364","KFS3364","Y"
"KFS3365","KFS3365","Y"
"KFS3366","KFS3366","Y"
"KFS3367","KFS3367","Y"
"KFS3368","KFS3368","Y"
"KFS3369","KFS3369","Y"
"KFS3370","KFS3370","Y"
"KFS3371","KFS3371","Y"
"KFS3372","KFS3372","Y"
"KFS3373","KFS3373","Y"
"KFS3374","KFS3374","Y"
"KFS3375","KFS3375","Y"
"KFS3376","KFS3376","Y"
"KFS3377","KFS3377","Y"
"KFS3378","KFS3378","Y"
"KFS3379","KFS3379","Y"
"KFS3380","KFS3380","Y"
"KFS3381","KFS3381","Y"
"KFS3382","KFS3382","Y"
"KFS3383","KFS3383","Y"
"KFS3384","KFS3384","Y"
"KFS3385","KFS3385","Y"
"KFS3386","KFS3386","Y"
"KFS3387","KFS3387","Y"
"KFS3388","KFS3388","Y"
"KFS3389","KFS3389","Y"
"KFS3390","KFS3390","Y"
"KFS3391","KFS3391","Y"
"KFS3392","KFS3392","Y"
"KFS3393","KFS3393","Y"
"KFS3394","KFS3394","Y"
"KFS3395","KFS3395","Y"
"KFS3396","KFS3396","Y"
"KFS3397","KFS3397","Y"
"KFS3398","KFS3398","Y"
"KFS3399","KFS3399","Y"
"KFS3400","KFS3400","Y"
"KFS3401","KFS3401","Y"
"KFS3402","KFS3402","Y"
"KFS3403","KFS3403","Y"
"KFS3404","KFS3404","Y"
"KFS3405","KFS3405","Y"
"KFS3406","KFS3406","Y"
"KFS3407","KFS3407","Y"
"KFS3408","KFS3408","Y"
"KFS3409","KFS3409","Y"
"KFS3410","KFS3410","Y"
"KFS3411","KFS3411","Y"
"KFS3412","KFS3412","Y"
"KFS3413","KFS3413","Y"
"KFS3414","KFS3414","Y"
"KFS3415","KFS3415","Y"
"KFS3416","KFS3416","Y"
"KFS3417","KFS3417","Y"
"KFS3418","KFS3418","Y"
"KFS3419","KFS3419","Y"
"KFS3420","KFS3420","Y"
"KFS3421","KFS3421","Y"
"KFS3422","KFS3422","Y"
"KFS3423","KFS3423","Y"
"KFS3424","KFS3424","Y"
"KFS3425","KFS3425","Y"
"KFS3426","KFS3426","Y"
"KFS3427","KFS3427","Y"
"KFS3428","KFS3428","Y"
"KFS3429","KFS3429","Y"
"KFS3430","KFS3430","Y"
"KFS3431","KFS3431","Y"
"KFS3432","KFS3432","Y"
"KFS3433","KFS3433","Y"
"KFS3434","KFS3434","Y"
"KFS3435","KFS3435","Y"
"KFS3436","KFS3436","Y"
"KFS3437","KFS3437","Y"
"KFS3438","KFS3438","Y"
"KFS3439","KFS3439","Y"
"KFS3440","KFS3440","Y"
"KFS3441","KFS3441","Y"
"KFS3442","KFS3442","Y"
"KFS3443","KFS3443","Y"
"KFS3444","KFS3444","Y"
"KFS3445","KFS3445","Y"
"KFS3446","KFS3446","Y"
"KFS3447","KFS3447","Y"
"KFS3448","KFS3448","Y"
"KFS3449","KFS3449","Y"
"KFS3450","KFS3450","Y"
"KFS3451","KFS3451","Y"
"KFS3452","KFS3452","Y"
"KFS3453","KFS3453","Y"
"KFS3454","KFS3454","Y"
"KFS3455","KFS3455","Y"
"KFS3456","KFS3456","Y"
"KFS3457","KFS3457","Y"
"KFS3458","KFS3458","Y"
"KFS3459","KFS3459","Y"
"KFS3460","KFS3460","Y"
"KFS3461","KFS3461","Y"
"KFS3462","KFS3462","Y"
"KFS3463","KFS3463","Y"
"KFS3464","KFS3464","Y"
"KFS3465","KFS3465","Y"
"KFS3466","KFS3466","Y"
"KFS3467","KFS3467","Y"
"KFS3468","KFS3468","Y"
"KFS3469","KFS3469","Y"
"KFS3470","KFS3470","Y"
"KFS3471","KFS3471","Y"
"KFS3472","KFS3472","Y"
"KFS3473","KFS3473","Y"
"KFS3474","KFS3474","Y"
"KFS3475","KFS3475","Y"
"KFS3476","KFS3476","Y"
"KFS3477","KFS3477","Y"
"KFS3478","KFS3478","Y"
"KFS3479","KFS3479","Y"
"KFS3480","KFS3480","Y"
"KFS3481","KFS3481","Y"
"KFS3482","KFS3482","Y"
"KFS3483","KFS3483","Y"
"KFS3484","KFS3484","Y"
"KFS3485","KFS3485","Y"
"KFS3486","KFS3486","Y"
"KFS3487","KFS3487","Y"
"KFS3488","KFS3488","Y"
"KFS3489","KFS3489","Y"
"KFS3490","KFS3490","Y"
"KFS3491","KFS3491","Y"
"KFS3492","KFS3492","Y"
"KFS3493","KFS3493","Y"
"KFS3494","KFS3494","Y"
"KFS3495","KFS3495","Y"
"KFS3496","KFS3496","Y"
"KFS3497","KFS3497","Y"
"KFS3498","KFS3498","Y"
"KFS3499","KFS3499","Y"
"KFS3500","KFS3500","Y"
"KFS3501","KFS3501","Y"
"KFS3502","KFS3502","Y"
"KFS3503","KFS3503","Y"
"KFS3504","KFS3504","Y"
"KFS3505","KFS3505","Y"
"KFS3506","KFS3506","Y"
"KFS3507","KFS3507","Y"
"KFS3508","KFS3508","Y"
"KFS3509","KFS3509","Y"
"KFS3510","KFS3510","Y"
"KFS3511","KFS3511","Y"
"KFS3512","KFS3512","Y"
"KFS3513","KFS3513","Y"
"KFS3514","KFS3514","Y"
"KFS3515","KFS3515","Y"
"KFS3516","KFS3516","Y"
"KFS3517","KFS3517","Y"
"KFS3518","KFS3518","Y"
"KFS3519","KFS3519","Y"
"KFS3520","KFS3520","Y"
"KFS3521","KFS3521","Y"
"KFS3522","KFS3522","Y"
"KFS3523","KFS3523","Y"
"KFS3524","KFS3524","Y"
"KFS3525","KFS3525","Y"
"KFS3526","KFS3526","Y"
"KFS3527","KFS3527","Y"
"KFS3528","KFS3528","Y"
"KFS3529","KFS3529","Y"
"KFS3530","KFS3530","Y"
"KFS3531","KFS3531","Y"
"KFS3532","KFS3532","Y"
"KFS3533","KFS3533","Y"
"KFS3534","KFS3534","Y"
"KFS3535","KFS3535","Y"
"KFS3536","KFS3536","Y"
"KFS3537","KFS3537","Y"
"KFS3538","KFS3538","Y"
"KFS3539","KFS3539","Y"
"KFS3540","KFS3540","Y"
"KFS3541","KFS3541","Y"
"KFS3542","KFS3542","Y"
"KFS3543","KFS3543","Y"
"KFS3544","KFS3544","Y"
"KFS3545","KFS3545","Y"
"KFS3546","KFS3546","Y"
"KFS3547","KFS3547","Y"
"KFS3548","KFS3548","Y"
"KFS3549","KFS3549","Y"
"KFS3550","KFS3550","Y"
"KFS3551","KFS3551","Y"
"KFS3552","KFS3552","Y"
"KFS3553","KFS3553","Y"
"KFS3554","KFS3554","Y"
"KFS3555","KFS3555","Y"
"KFS3556","KFS3556","Y"
"KFS3557","KFS3557","Y"
"KFS3558","KFS3558","Y"
"KFS3559","KFS3559","Y"
"KFS3560","KFS3560","Y"
"KFS3561","KFS3561","Y"
"KFS3562","KFS3562","Y"
"KFS3563","KFS3563","Y"
"KFS3564","KFS3564","Y"
"KFS3565","KFS3565","Y"
"KFS3566","KFS3566","Y"
"KFS3567","KFS3567","Y"
"KFS3568","KFS3568","Y"
"KFS3569","KFS3569","Y"
"KFS3570","KFS3570","Y"
"KFS3571","KFS3571","Y"
"KFS3572","KFS3572","Y"
"KFS3573","KFS3573","Y"
"KFS3574","KFS3574","Y"
"KFS3575","KFS3575","Y"
"KFS3576","KFS3576","Y"
"KFS3577","KFS3577","Y"
"KFS3578","KFS3578","Y"
"KFS3579","KFS3579","Y"
"KFS3580","KFS3580","Y"
"KFS3581","KFS3581","Y"
"KFS3582","KFS3582","Y"
"KFS3583","KFS3583","Y"
"KFS3584","KFS3584","Y"
"KFS3585","KFS3585","Y"
"KFS3586","KFS3586","Y"
"KFS3587","KFS3587","Y"
"KFS3588","KFS3588","Y"
"KFS3589","KFS3589","Y"
"KFS3590","KFS3590","Y"
"KFS3591","KFS3591","Y"
"KFS3592","KFS3592","Y"
"KFS3593","KFS3593","Y"
"KFS3594","KFS3594","Y"
"KFS3595","KFS3595","Y"
"KFS3596","KFS3596","Y"
"KFS3597","KFS3597","Y"
"KFS3598","KFS3598","Y"
"KFS3599","KFS3599","Y"
"KFS3600","KFS3600","Y"
"KFS3601","KFS3601","Y"
"KFS3602","KFS3602","Y"
"KFS3603","KFS3603","Y"
"KFS3604","KFS3604","Y"
"KFS3605","KFS3605","Y"
"KFS3606","KFS3606","Y"
"KFS3607","KFS3607","Y"
"KFS3608","KFS3608","Y"
"KFS3609","KFS3609","Y"
"KFS3610","KFS3610","Y"
"KFS3611","KFS3611","Y"
"KFS3612","KFS3612","Y"
"KFS3613","KFS3613","Y"
"KFS3614","KFS3614","Y"
"KFS3615","KFS3615","Y"
"KFS3616","KFS3616","Y"
"KFS3617","KFS3617","Y"
"KFS3618","KFS3618","Y"
"KFS3619","KFS3619","Y"
"KFS3620","KFS3620","Y"
"KFS3621","KFS3621","Y"
"KFS3622","KFS3622","Y"
"KFS3623","KFS3623","Y"
"KFS3624","KFS3624","Y"
"KFS3625","KFS3625","Y"
"KFS3626","KFS3626","Y"
"KFS3627","KFS3627","Y"
"KFS3628","KFS3628","Y"
"KFS3629","KFS3629","Y"
"KFS3630","KFS3630","Y"
"KFS3631","KFS3631","Y"
"KFS3632","KFS3632","Y"
"KFS3633","KFS3633","Y"
"KFS3634","KFS3634","Y"
"KFS3635","KFS3635","Y"
"KFS3636","KFS3636","Y"
"KFS3637","KFS3637","Y"
"KFS3638","KFS3638","Y"
"KFS3639","KFS3639","Y"
"KFS3640","KFS3640","Y"
"KFS3641","KFS3641","Y"
"KFS3642","KFS3642","Y"
"KFS3643","KFS3643","Y"
"KFS3644","KFS3644","Y"
"KFS3645","KFS3645","Y"
"KFS3646","KFS3646","Y"
"KFS3647","KFS3647","Y"
"KFS3648","KFS3648","Y"
"KFS3649","KFS3649","Y"
"KFS3650","KFS3650","Y"
"KFS3651","KFS3651","Y"
"KFS3652","KFS3652","Y"
"KFS3653","KFS3653","Y"
"KFS3654","KFS3654","Y"
"KFS3655","KFS3655","Y"
"KFS3656","KFS3656","Y"
"KFS3657","KFS3657","Y"
"KFS3658","KFS3658","Y"
"KFS3659","KFS3659","Y"
"KFS3660","KFS3660","Y"
"KFS3661","KFS3661","Y"
"KFS3662","KFS3662","Y"
"KFS3663","KFS3663","Y"
"KFS3664","KFS3664","Y"
"KFS3665","KFS3665","Y"
"KFS3666","KFS3666","Y"
"KFS3667","KFS3667","Y"
"KFS3668","KFS3668","Y"
"KFS3669","KFS3669","Y"
"KFS3670","KFS3670","Y"
"KFS3671","KFS3671","Y"
"KFS3672","KFS3672","Y"
"KFS3673","KFS3673","Y"
"KFS3674","KFS3674","Y"
"KFS3675","KFS3675","Y"
"KFS3676","KFS3676","Y"
"KFS3677","KFS3677","Y"
"KFS3678","KFS3678","Y"
"KFS3679","KFS3679","Y"
"KFS3680","KFS3680","Y"
"KFS3681","KFS3681","Y"
"KFS3682","KFS3682","Y"
"KFS3683","KFS3683","Y"
"KFS3684","KFS3684","Y"
"KFS3685","KFS3685","Y"
"KFS3686","KFS3686","Y"
"KFS3687","KFS3687","Y"
"KFS3688","KFS3688","Y"
"KFS3689","KFS3689","Y"
"KFS3690","KFS3690","Y"
"KFS3691","KFS3691","Y"
"KFS3692","KFS3692","Y"
"KFS3693","KFS3693","Y"
"KFS3694","KFS3694","Y"
"KFS3695","KFS3695","Y"
"KFS3696","KFS3696","Y"
"KFS3697","KFS3697","Y"
"KFS3698","KFS3698","Y"
"KFS3699","KFS3699","Y"
"KFS3700","KFS3700","Y"
"KFS3701","KFS3701","Y"
"KFS3702","KFS3702","Y"
"KFS3703","KFS3703","Y"
"KFS3704","KFS3704","Y"
"KFS3705","KFS3705","Y"
"KFS3706","KFS3706","Y"
"KFS3707","KFS3707","Y"
"KFS3708","KFS3708","Y"
"KFS3709","KFS3709","Y"
"KFS3710","KFS3710","Y"
"KFS3711","KFS3711","Y"
"KFS3712","KFS3712","Y"
"KFS3713","KFS3713","Y"
"KFS3714","KFS3714","Y"
"KFS3715","KFS3715","Y"
"KFS3716","KFS3716","Y"
"KFS3717","KFS3717","Y"
"KFS3718","KFS3718","Y"
"KFS3719","KFS3719","Y"
"KFS3720","KFS3720","Y"
"KFS3721","KFS3721","Y"
"KFS3722","KFS3722","Y"
"KFS3723","KFS3723","Y"
"KFS3724","KFS3724","Y"
"KFS3725","KFS3725","Y"
"KFS3726","KFS3726","Y"
"KFS3727","KFS3727","Y"
"KFS3728","KFS3728","Y"
"KFS3729","KFS3729","Y"
"KFS3730","KFS3730","Y"
"KFS3731","KFS3731","Y"
"KFS3732","KFS3732","Y"
"KFS3733","KFS3733","Y"
"KFS3734","KFS3734","Y"
"KFS3735","KFS3735","Y"
"KFS3736","KFS3736","Y"
"KFS3737","KFS3737","Y"
"KFS3738","KFS3738","Y"
"KFS3739","KFS3739","Y"
"KFS3740","KFS3740","Y"
"KFS3741","KFS3741","Y"
"KFS3742","KFS3742","Y"
"KFS3743","KFS3743","Y"
"KFS3744","KFS3744","Y"
"KFS3745","KFS3745","Y"
"KFS3746","KFS3746","Y"
"KFS3747","KFS3747","Y"
"KFS3748","KFS3748","Y"
"KFS3749","KFS3749","Y"
"KFS3750","KFS3750","Y"
"KFS3751","KFS3751","Y"
"KFS3752","KFS3752","Y"
"KFS3753","KFS3753","Y"
"KFS3754","KFS3754","Y"
"KFS3755","KFS3755","Y"
"KFS3756","KFS3756","Y"
"KFS3757","KFS3757","Y"
"KFS3758","KFS3758","Y"
"KFS3759","KFS3759","Y"
"KFS3760","KFS3760","Y"
"KFS3761","KFS3761","Y"
"KFS3762","KFS3762","Y"
"KFS3763","KFS3763","Y"
"KFS3764","KFS3764","Y"
"KFS3765","KFS3765","Y"
"KFS3766","KFS3766","Y"
"KFS3767","KFS3767","Y"
"KFS3768","KFS3768","Y"
"KFS3769","KFS3769","Y"
"KFS3770","KFS3770","Y"
"KFS3771","KFS3771","Y"
"KFS3772","KFS3772","Y"
"KFS3773","KFS3773","Y"
"KFS3774","KFS3774","Y"
"KFS3775","KFS3775","Y"
"KFS3776","KFS3776","Y"
"KFS3777","KFS3777","Y"
"KFS3778","KFS3778","Y"
"KFS3779","KFS3779","Y"
"KFS3780","KFS3780","Y"
"KFS3781","KFS3781","Y"
"KFS3782","KFS3782","Y"
"KFS3783","KFS3783","Y"
"KFS3784","KFS3784","Y"
"KFS3785","KFS3785","Y"
"KFS3786","KFS3786","Y"
"KFS3787","KFS3787","Y"
"KFS3788","KFS3788","Y"
"KFS3789","KFS3789","Y"
"KFS3790","KFS3790","Y"
"KFS3791","KFS3791","Y"
"KFS3792","KFS3792","Y"
"KFS3793","KFS3793","Y"
"KFS3794","KFS3794","Y"
"KFS3795","KFS3795","Y"
"KFS3796","KFS3796","Y"
"KFS3797","KFS3797","Y"
"KFS3798","KFS3798","Y"
"KFS3799","KFS3799","Y"
"KFS3800","KFS3800","Y"
"KFS3801","KFS3801","Y"
"KFS3802","KFS3802","Y"
"KFS3803","KFS3803","Y"
"KFS3804","KFS3804","Y"
"KFS3805","KFS3805","Y"
"KFS3806","KFS3806","Y"
"KFS3807","KFS3807","Y"
"KFS3808","KFS3808","Y"
"KFS3809","KFS3809","Y"
"KFS3810","KFS3810","Y"
"KFS3811","KFS3811","Y"
"KFS3812","KFS3812","Y"
"KFS3813","KFS3813","Y"
"KFS3814","KFS3814","Y"
"KFS3815","KFS3815","Y"
"KFS3816","KFS3816","Y"
"KFS3817","KFS3817","Y"
"KFS3818","KFS3818","Y"
"KFS3819","KFS3819","Y"
"KFS3820","KFS3820","Y"
"KFS3821","KFS3821","Y"
"KFS3822","KFS3822","Y"
"KFS3823","KFS3823","Y"
"KFS3824","KFS3824","Y"
"KFS3825","KFS3825","Y"
"KFS3826","KFS3826","Y"
"KFS3827","KFS3827","Y"
"KFS3828","KFS3828","Y"
"KFS3829","KFS3829","Y"
"KFS3830","KFS3830","Y"
"KFS3831","KFS3831","Y"
"KFS3832","KFS3832","Y"
"KFS3833","KFS3833","Y"
"KFS3834","KFS3834","Y"
"KFS3835","KFS3835","Y"
"KFS3836","KFS3836","Y"
"KFS3837","KFS3837","Y"
"KFS3838","KFS3838","Y"
"KFS3839","KFS3839","Y"
"KFS3840","KFS3840","Y"
"KFS3841","KFS3841","Y"
"KFS3842","KFS3842","Y"
"KFS3843","KFS3843","Y"
"KFS3844","KFS3844","Y"
"KFS3845","KFS3845","Y"
"KFS3846","KFS3846","Y"
"KFS3847","KFS3847","Y"
"KFS3848","KFS3848","Y"
"KFS3849","KFS3849","Y"
"KFS3850","KFS3850","Y"
"KFS3851","KFS3851","Y"
"KFS3852","KFS3852","Y"
"KFS3853","KFS3853","Y"
"KFS3854","KFS3854","Y"
"KFS3855","KFS3855","Y"
"KFS3856","KFS3856","Y"
"KFS3857","KFS3857","Y"
"KFS3858","KFS3858","Y"
"KFS3859","KFS3859","Y"
"KFS3860","KFS3860","Y"
"KFS3861","KFS3861","Y"
"KFS3862","KFS3862","Y"
"KFS3863","KFS3863","Y"
"KFS3864","KFS3864","Y"
"KFS3865","KFS3865","Y"
"KFS3866","KFS3866","Y"
"KFS3867","KFS3867","Y"
"KFS3868","KFS3868","Y"
"KFS3869","KFS3869","Y"
"KFS3870","KFS3870","Y"
"KFS3871","KFS3871","Y"
"KFS3872","KFS3872","Y"
"KFS3873","KFS3873","Y"
"KFS3874","KFS3874","Y"
"KFS3875","KFS3875","Y"
"KFS3876","KFS3876","Y"
"KFS3877","KFS3877","Y"
"KFS3878","KFS3878","Y"
"KFS3879","KFS3879","Y"
"KFS3880","KFS3880","Y"
"KFS3881","KFS3881","Y"
"KFS3882","KFS3882","Y"
"KFS3883","KFS3883","Y"
"KFS3884","KFS3884","Y"
"KFS3885","KFS3885","Y"
"KFS3886","KFS3886","Y"
"KFS3887","KFS3887","Y"
"KFS3888","KFS3888","Y"
"KFS3889","KFS3889","Y"
"KFS3890","KFS3890","Y"
"KFS3891","KFS3891","Y"
"KFS3892","KFS3892","Y"
"KFS3893","KFS3893","Y"
"KFS3894","KFS3894","Y"
"KFS3895","KFS3895","Y"
"KFS3896","KFS3896","Y"
"KFS3897","KFS3897","Y"
"KFS3898","KFS3898","Y"
"KFS3899","KFS3899","Y"
"KFS3900","KFS3900","Y"
"KFS3901","KFS3901","Y"
"KFS3902","KFS3902","Y"
"KFS3903","KFS3903","Y"
"KFS3904","KFS3904","Y"
"KFS3905","KFS3905","Y"
"KFS3906","KFS3906","Y"
"KFS3907","KFS3907","Y"
"KFS3908","KFS3908","Y"
"KFS3909","KFS3909","Y"
"KFS3910","KFS3910","Y"
"KFS3911","KFS3911","Y"
"KFS3912","KFS3912","Y"
"KFS3913","KFS3913","Y"
"KFS3914","KFS3914","Y"
"KFS3915","KFS3915","Y"
"KFS3916","KFS3916","Y"
"KFS3917","KFS3917","Y"
"KFS3918","KFS3918","Y"
"KFS3919","KFS3919","Y"
"KFS3920","KFS3920","Y"
"KFS3921","KFS3921","Y"
"KFS3922","KFS3922","Y"
"KFS3923","KFS3923","Y"
"KFS3924","KFS3924","Y"
"KFS3925","KFS3925","Y"
"KFS3926","KFS3926","Y"
"KFS3927","KFS3927","Y"
"KFS3928","KFS3928","Y"
"KFS3929","KFS3929","Y"
"KFS3930","KFS3930","Y"
"KFS3931","KFS3931","Y"
"KFS3932","KFS3932","Y"
"KFS3933","KFS3933","Y"
"KFS3934","KFS3934","Y"
"KFS3935","KFS3935","Y"
"KFS3936","KFS3936","Y"
"KFS3937","KFS3937","Y"
"KFS3938","KFS3938","Y"
"KFS3939","KFS3939","Y"
"KFS3940","KFS3940","Y"
"KFS3941","KFS3941","Y"
"KFS3942","KFS3942","Y"
"KFS3943","KFS3943","Y"
"KFS3944","KFS3944","Y"
"KFS3945","KFS3945","Y"
"KFS3946","KFS3946","Y"
"KFS3947","KFS3947","Y"
"KFS3948","KFS3948","Y"
"KFS3949","KFS3949","Y"
"KFS3950","KFS3950","Y"
"KFS3951","KFS3951","Y"
"KFS3952","KFS3952","Y"
"KFS3953","KFS3953","Y"
"KFS3954","KFS3954","Y"
"KFS3955","KFS3955","Y"
"KFS3956","KFS3956","Y"
"KFS3957","KFS3957","Y"
"KFS3958","KFS3958","Y"
"KFS3959","KFS3959","Y"
"KFS3960","KFS3960","Y"
"KFS3961","KFS3961","Y"
"KFS3962","KFS3962","Y"
"KFS3963","KFS3963","Y"
"KFS3964","KFS3964","Y"
"KFS3965","KFS3965","Y"
"KFS3966","KFS3966","Y"
"KFS3967","KFS3967","Y"
"KFS3968","KFS3968","Y"
"KFS3969","KFS3969","Y"
"KFS3970","KFS3970","Y"
"KFS3971","KFS3971","Y"
"KFS3972","KFS3972","Y"
"KFS3973","KFS3973","Y"
"KFS3974","KFS3974","Y"
"KFS3975","KFS3975","Y"
"KFS3976","KFS3976","Y"
"KFS3977","KFS3977","Y"
"KFS3978","KFS3978","Y"
"KFS3979","KFS3979","Y"
"KFS3980","KFS3980","Y"
"KFS3981","KFS3981","Y"
"KFS3982","KFS3982","Y"
"KFS3983","KFS3983","Y"
"KFS3984","KFS3984","Y"
"KFS3985","KFS3985","Y"
"KFS3986","KFS3986","Y"
"KFS3987","KFS3987","Y"
"KFS3988","KFS3988","Y"
"KFS3989","KFS3989","Y"
"KFS3990","KFS3990","Y"
"KFS3991","KFS3991","Y"
"KFS3992","KFS3992","Y"
"KFS3993","KFS3993","Y"
"KFS3994","KFS3994","Y"
"KFS3995","KFS3995","Y"
"KFS3996","KFS3996","Y"
"KFS3997","KFS3997","Y"
"KFS3998","KFS3998","Y"
"KFS3999","KFS3999","Y"
"KFS4000","KFS4000","Y"
"KFS4001","KFS4001","Y"
"KFS4002","KFS4002","Y"
"KFS4003","KFS4003","Y"
"KFS4004","KFS4004","Y"
"KFS4005","KFS4005","Y"
"KFS4006","KFS4006","Y"
"KFS4007","KFS4007","Y"
"KFS4008","KFS4008","Y"
"KFS4009","KFS4009","Y"
"KFS4010","KFS4010","Y"
"KFS4011","KFS4011","Y"
"KFS4012","KFS4012","Y"
"KFS4013","KFS4013","Y"
"KFS4014","KFS4014","Y"
"KFS4015","KFS4015","Y"
"KFS4016","KFS4016","Y"
"KFS4017","KFS4017","Y"
"KFS4018","KFS4018","Y"
"KFS4019","KFS4019","Y"
"KFS4020","KFS4020","Y"
"KFS4021","KFS4021","Y"
"KFS4022","KFS4022","Y"
"KFS4023","KFS4023","Y"
"KFS4024","KFS4024","Y"
"KFS4025","KFS4025","Y"
"KFS4026","KFS4026","Y"
"KFS4027","KFS4027","Y"
"KFS4028","KFS4028","Y"
"KFS4029","KFS4029","Y"
"KFS4030","KFS4030","Y"
"KFS4031","KFS4031","Y"
"KFS4032","KFS4032","Y"
"KFS4033","KFS4033","Y"
"KFS4034","KFS4034","Y"
"KFS4035","KFS4035","Y"
"KFS4036","KFS4036","Y"
"KFS4042","KFS4042","Y"
"KFS4043","KFS4043","Y"
"KFS4044","KFS4044","Y"
"KFS4045","KFS4045","Y"
"KFS4046","KFS4046","Y"
"KFS4047","KFS4047","Y"
"KFS4048","KFS4048","Y"
"KFS4049","KFS4049","Y"
"KFS4050","KFS4050","Y"
"KFS4051","KFS4051","Y"
"KFS4052","KFS4052","Y"
"KFS4053","KFS4053","Y"
"KFS4054","KFS4054","Y"
"KFS4055","KFS4055","Y"
"KFS4056","KFS4056","Y"
"KFS4057","KFS4057","Y"
"KFS4058","KFS4058","Y"
"KFS4059","KFS4059","Y"
"KFS4060","KFS4060","Y"
"KFS4061","KFS4061","Y"
"KFS4062","KFS4062","Y"
"KFS4063","KFS4063","Y"
"KFS4064","KFS4064","Y"
"KFS4065","KFS4065","Y"
"KFS4066","KFS4066","Y"
"KFS4067","KFS4067","Y"
"KFS4068","KFS4068","Y"
"KFS4069","KFS4069","Y"
"KFS4070","KFS4070","Y"
"KFS4071","KFS4071","Y"
"KFS4072","KFS4072","Y"
"KFS4073","KFS4073","Y"
"KFS4074","KFS4074","Y"
"KFS4075","KFS4075","Y"
"KFS4076","KFS4076","Y"
"KFS4077","KFS4077","Y"
"KFS4078","KFS4078","Y"
"KFS4079","KFS4079","Y"
"KFS4080","KFS4080","Y"
"KFS4081","KFS4081","Y"
"KFS4082","KFS4082","Y"
"KFS4083","KFS4083","Y"
"KFS4084","KFS4084","Y"
"KFS4085","KFS4085","Y"
"KFS4086","KFS4086","Y"
"KFS4087","KFS4087","Y"
"KFS4088","KFS4088","Y"
"KFS4089","KFS4089","Y"
"KFS4090","KFS4090","Y"
"KFS4091","KFS4091","Y"
"KFS4092","KFS4092","Y"
"KFS4093","KFS4093","Y"
"KFS4094","KFS4094","Y"
"KFS4095","KFS4095","Y"
"KFS4096","KFS4096","Y"
"KFS4097","KFS4097","Y"
"KFS4098","KFS4098","Y"
"KFS4099","KFS4099","Y"
"KFS4100","KFS4100","Y"
"KFS4101","KFS4101","Y"
"KFS4102","KFS4102","Y"
"KFS4103","KFS4103","Y"
"KFS4104","KFS4104","Y"
"KFS4105","KFS4105","Y"
"KFS4106","KFS4106","Y"
"KFS4107","KFS4107","Y"
"KFS4108","KFS4108","Y"
"KFS4109","KFS4109","Y"
"KFS4110","KFS4110","Y"
"KFS4111","KFS4111","Y"
"KFS4112","KFS4112","Y"
"KFS4113","KFS4113","Y"
"KFS4114","KFS4114","Y"
"KFS4115","KFS4115","Y"
"KFS4116","KFS4116","Y"
