"ENT_TYP_CD","ENTITY_ID","OBJ_ID","ACTV_IND"
"PERSON","KFS1000","KFS1000-PERSON","Y"
"PERSON","KFS1001","KFS1001-PERSON","Y"
"PERSON","KFS1002","KFS1002-PERSON","Y"
"PERSON","KFS1003","KFS1003-PERSON","Y"
"PERSON","KFS1004","KFS1004-PERSON","Y"
"PERSON","KFS1005","KFS1005-PERSON","Y"
"PERSON","KFS1006","KFS1006-PERSON","Y"
"PERSON","KFS1007","KFS1007-PERSON","Y"
"PERSON","KFS1008","KFS1008-PERSON","Y"
"PERSON","KFS1009","KFS1009-PERSON","Y"
"PERSON","KFS1010","KFS1010-PERSON","Y"
"PERSON","KFS1011","KFS1011-PERSON","Y"
"PERSON","KFS1012","KFS1012-PERSON","Y"
"PERSON","KFS1013","KFS1013-PERSON","Y"
"PERSON","KFS1014","KFS1014-PERSON","Y"
"PERSON","KFS1015","KFS1015-PERSON","Y"
"PERSON","KFS1016","KFS1016-PERSON","Y"
"PERSON","KFS1017","KFS1017-PERSON","Y"
"PERSON","KFS1018","KFS1018-PERSON","Y"
"PERSON","KFS1019","KFS1019-PERSON","Y"
"PERSON","KFS1020","KFS1020-PERSON","Y"
"PERSON","KFS1021","KFS1021-PERSON","Y"
"PERSON","KFS1022","KFS1022-PERSON","Y"
"PERSON","KFS1023","KFS1023-PERSON","Y"
"PERSON","KFS1024","KFS1024-PERSON","Y"
"PERSON","KFS1025","KFS1025-PERSON","Y"
"PERSON","KFS1026","KFS1026-PERSON","Y"
"PERSON","KFS1027","KFS1027-PERSON","Y"
"PERSON","KFS1028","KFS1028-PERSON","Y"
"PERSON","KFS1029","KFS1029-PERSON","Y"
"PERSON","KFS1030","KFS1030-PERSON","Y"
"PERSON","KFS1031","KFS1031-PERSON","Y"
"PERSON","KFS1032","KFS1032-PERSON","Y"
"PERSON","KFS1033","KFS1033-PERSON","Y"
"PERSON","KFS1035","KFS1035-PERSON","Y"
"PERSON","KFS1036","KFS1036-PERSON","Y"
"PERSON","KFS1037","KFS1037-PERSON","Y"
"PERSON","KFS1038","KFS1038-PERSON","Y"
"PERSON","KFS1039","KFS1039-PERSON","Y"
"PERSON","KFS1040","KFS1040-PERSON","Y"
"PERSON","KFS1041","KFS1041-PERSON","Y"
"PERSON","KFS1042","KFS1042-PERSON","Y"
"PERSON","KFS1043","KFS1043-PERSON","Y"
"PERSON","KFS1044","KFS1044-PERSON","Y"
"PERSON","KFS1045","KFS1045-PERSON","Y"
"PERSON","KFS1046","KFS1046-PERSON","Y"
"PERSON","KFS1047","KFS1047-PERSON","Y"
"PERSON","KFS1048","KFS1048-PERSON","Y"
"PERSON","KFS1049","KFS1049-PERSON","Y"
"PERSON","KFS1050","KFS1050-PERSON","Y"
"PERSON","KFS1052","KFS1052-PERSON","Y"
"PERSON","KFS1053","KFS1053-PERSON","Y"
"PERSON","KFS1054","KFS1054-PERSON","Y"
"PERSON","KFS1055","KFS1055-PERSON","Y"
"PERSON","KFS1056","KFS1056-PERSON","Y"
"PERSON","KFS1057","KFS1057-PERSON","Y"
"PERSON","KFS1058","KFS1058-PERSON","Y"
"PERSON","KFS1059","KFS1059-PERSON","Y"
"PERSON","KFS1060","KFS1060-PERSON","Y"
"PERSON","KFS1061","KFS1061-PERSON","Y"
"PERSON","KFS1062","KFS1062-PERSON","Y"
"PERSON","KFS1063","KFS1063-PERSON","Y"
"PERSON","KFS1064","KFS1064-PERSON","Y"
"PERSON","KFS1065","KFS1065-PERSON","Y"
"PERSON","KFS1066","KFS1066-PERSON","Y"
"PERSON","KFS1067","KFS1067-PERSON","Y"
"PERSON","KFS1068","KFS1068-PERSON","Y"
"PERSON","KFS1069","KFS1069-PERSON","Y"
"PERSON","KFS1070","KFS1070-PERSON","Y"
"PERSON","KFS1071","KFS1071-PERSON","Y"
"PERSON","KFS1072","KFS1072-PERSON","Y"
"PERSON","KFS1073","KFS1073-PERSON","Y"
"PERSON","KFS1074","KFS1074-PERSON","Y"
"PERSON","KFS1075","KFS1075-PERSON","Y"
"PERSON","KFS1076","KFS1076-PERSON","Y"
"PERSON","KFS1077","KFS1077-PERSON","Y"
"PERSON","KFS1078","KFS1078-PERSON","Y"
"PERSON","KFS1079","KFS1079-PERSON","Y"
"PERSON","KFS1080","KFS1080-PERSON","Y"
"PERSON","KFS1081","KFS1081-PERSON","Y"
"PERSON","KFS1082","KFS1082-PERSON","Y"
"PERSON","KFS1083","KFS1083-PERSON","Y"
"PERSON","KFS1084","KFS1084-PERSON","Y"
"PERSON","KFS1085","KFS1085-PERSON","Y"
"PERSON","KFS1086","KFS1086-PERSON","Y"
"PERSON","KFS1087","KFS1087-PERSON","Y"
"PERSON","KFS1088","KFS1088-PERSON","Y"
"PERSON","KFS1089","KFS1089-PERSON","Y"
"PERSON","KFS1090","KFS1090-PERSON","Y"
"PERSON","KFS1091","KFS1091-PERSON","Y"
"PERSON","KFS1092","KFS1092-PERSON","Y"
"PERSON","KFS1093","KFS1093-PERSON","Y"
"PERSON","KFS1094","KFS1094-PERSON","Y"
"PERSON","KFS1095","KFS1095-PERSON","Y"
"PERSON","KFS1096","KFS1096-PERSON","Y"
"PERSON","KFS1097","KFS1097-PERSON","Y"
"PERSON","KFS1098","KFS1098-PERSON","Y"
"PERSON","KFS1099","KFS1099-PERSON","Y"
"PERSON","KFS1100","KFS1100-PERSON","Y"
"PERSON","KFS1101","KFS1101-PERSON","Y"
"PERSON","KFS1102","KFS1102-PERSON","Y"
"PERSON","KFS1103","KFS1103-PERSON","Y"
"PERSON","KFS1104","KFS1104-PERSON","Y"
"PERSON","KFS1105","KFS1105-PERSON","Y"
"PERSON","KFS1106","KFS1106-PERSON","Y"
"PERSON","KFS1107","KFS1107-PERSON","Y"
"PERSON","KFS1108","KFS1108-PERSON","Y"
"PERSON","KFS1109","KFS1109-PERSON","Y"
"PERSON","KFS1110","KFS1110-PERSON","Y"
"PERSON","KFS1111","KFS1111-PERSON","Y"
"PERSON","KFS1112","KFS1112-PERSON","Y"
"PERSON","KFS1113","KFS1113-PERSON","Y"
"PERSON","KFS1114","KFS1114-PERSON","Y"
"PERSON","KFS1115","KFS1115-PERSON","Y"
"PERSON","KFS1117","KFS1117-PERSON","Y"
"PERSON","KFS1122","KFS1122-PERSON","Y"
"PERSON","KFS1123","KFS1123-PERSON","Y"
"PERSON","KFS1124","KFS1124-PERSON","Y"
"PERSON","KFS1125","KFS1125-PERSON","Y"
"PERSON","KFS1137","KFS1137-PERSON","Y"
"PERSON","KFS1138","KFS1138-PERSON","Y"
"PERSON","KFS1143","KFS1143-PERSON","Y"
"PERSON","KFS1146","KFS1146-PERSON","Y"
"PERSON","KFS1165","KFS1165-PERSON","Y"
"PERSON","KFS1168","KFS1168-PERSON","Y"
"PERSON","KFS1172","KFS1172-PERSON","Y"
"PERSON","KFS1231","KFS1231-PERSON","Y"
"PERSON","KFS1232","KFS1232-PERSON","Y"
"PERSON","KFS1264","KFS1264-PERSON","Y"
"PERSON","KFS1309","KFS1309-PERSON","Y"
"PERSON","KFS1315","KFS1315-PERSON","Y"
"PERSON","KFS1334","KFS1334-PERSON","Y"
"PERSON","KFS1337","KFS1337-PERSON","Y"
"PERSON","KFS1361","KFS1361-PERSON","Y"
"PERSON","KFS1399","KFS1399-PERSON","Y"
"PERSON","KFS1423","KFS1423-PERSON","Y"
"PERSON","KFS1433","KFS1433-PERSON","Y"
"PERSON","KFS1438","KFS1438-PERSON","Y"
"PERSON","KFS1441","KFS1441-PERSON","Y"
"PERSON","KFS1444","KFS1444-PERSON","Y"
"PERSON","KFS1453","KFS1453-PERSON","Y"
"PERSON","KFS1455","KFS1455-PERSON","Y"
"PERSON","KFS1470","KFS1470-PERSON","Y"
"PERSON","KFS1482","KFS1482-PERSON","Y"
"PERSON","KFS1515","KFS1515-PERSON","Y"
"PERSON","KFS1520","KFS1520-PERSON","Y"
"PERSON","KFS1525","KFS1525-PERSON","Y"
"PERSON","KFS1526","KFS1526-PERSON","Y"
"PERSON","KFS1531","KFS1531-PERSON","Y"
"PERSON","KFS1545","KFS1545-PERSON","Y"
"PERSON","KFS1556","KFS1556-PERSON","Y"
"PERSON","KFS1574","KFS1574-PERSON","Y"
"PERSON","KFS1586","KFS1586-PERSON","Y"
"PERSON","KFS1599","KFS1599-PERSON","Y"
"PERSON","KFS1601","KFS1601-PERSON","Y"
"PERSON","KFS1603","KFS1603-PERSON","Y"
"PERSON","KFS1625","KFS1625-PERSON","Y"
"PERSON","KFS1637","KFS1637-PERSON","Y"
"PERSON","KFS1638","KFS1638-PERSON","Y"
"PERSON","KFS1656","KFS1656-PERSON","Y"
"PERSON","KFS1676","KFS1676-PERSON","Y"
"PERSON","KFS1686","KFS1686-PERSON","Y"
"PERSON","KFS1689","KFS1689-PERSON","Y"
"PERSON","KFS1705","KFS1705-PERSON","Y"
"PERSON","KFS1717","KFS1717-PERSON","Y"
"PERSON","KFS1731","KFS1731-PERSON","Y"
"PERSON","KFS1744","KFS1744-PERSON","Y"
"PERSON","KFS1747","KFS1747-PERSON","Y"
"PERSON","KFS1783","KFS1783-PERSON","Y"
"PERSON","KFS1861","KFS1861-PERSON","Y"
"PERSON","KFS1864","KFS1864-PERSON","Y"
"PERSON","KFS1870","KFS1870-PERSON","Y"
"PERSON","KFS1884","KFS1884-PERSON","Y"
"PERSON","KFS2018","KFS2018-PERSON","Y"
"PERSON","KFS2019","KFS2019-PERSON","Y"
"PERSON","KFS2049","KFS2049-PERSON","Y"
"PERSON","KFS2053","KFS2053-PERSON","Y"
"PERSON","KFS2062","KFS2062-PERSON","Y"
"PERSON","KFS2073","KFS2073-PERSON","Y"
"PERSON","KFS2075","KFS2075-PERSON","Y"
"PERSON","KFS2138","KFS2138-PERSON","Y"
"PERSON","KFS2163","KFS2163-PERSON","Y"
"PERSON","KFS2204","KFS2204-PERSON","Y"
"PERSON","KFS2224","KFS2224-PERSON","Y"
"PERSON","KFS2227","KFS2227-PERSON","Y"
"PERSON","KFS2230","KFS2230-PERSON","Y"
"PERSON","KFS2235","KFS2235-PERSON","Y"
"PERSON","KFS2236","KFS2236-PERSON","Y"
"PERSON","KFS2247","KFS2247-PERSON","Y"
"PERSON","KFS2284","KFS2284-PERSON","Y"
"PERSON","KFS2344","KFS2344-PERSON","Y"
"PERSON","KFS2369","KFS2369-PERSON","Y"
"PERSON","KFS2376","KFS2376-PERSON","Y"
"PERSON","KFS2377","KFS2377-PERSON","Y"
"PERSON","KFS2382","KFS2382-PERSON","Y"
"PERSON","KFS2383","KFS2383-PERSON","Y"
"PERSON","KFS2388","KFS2388-PERSON","Y"
"PERSON","KFS2389","KFS2389-PERSON","Y"
"PERSON","KFS2409","KFS2409-PERSON","Y"
"PERSON","KFS2412","KFS2412-PERSON","Y"
"PERSON","KFS2492","KFS2492-PERSON","Y"
"PERSON","KFS2533","KFS2533-PERSON","Y"
"PERSON","KFS2534","KFS2534-PERSON","Y"
"PERSON","KFS2535","KFS2535-PERSON","Y"
"PERSON","KFS2549","KFS2549-PERSON","Y"
"PERSON","KFS2550","KFS2550-PERSON","Y"
"PERSON","KFS2552","KFS2552-PERSON","Y"
"PERSON","KFS2554","KFS2554-PERSON","Y"
"PERSON","KFS2559","KFS2559-PERSON","Y"
"PERSON","KFS2566","KFS2566-PERSON","Y"
"PERSON","KFS2567","KFS2567-PERSON","Y"
"PERSON","KFS2568","KFS2568-PERSON","Y"
"PERSON","KFS2578","KFS2578-PERSON","Y"
"PERSON","KFS2582","KFS2582-PERSON","Y"
"PERSON","KFS2584","KFS2584-PERSON","Y"
"PERSON","KFS2587","KFS2587-PERSON","Y"
"PERSON","KFS2588","KFS2588-PERSON","Y"
"PERSON","KFS2593","KFS2593-PERSON","Y"
"PERSON","KFS2594","KFS2594-PERSON","Y"
"PERSON","KFS2595","KFS2595-PERSON","Y"
"PERSON","KFS2602","KFS2602-PERSON","Y"
"PERSON","KFS2606","KFS2606-PERSON","Y"
"PERSON","KFS2607","KFS2607-PERSON","Y"
"PERSON","KFS2612","KFS2612-PERSON","Y"
"PERSON","KFS2616","KFS2616-PERSON","Y"
"PERSON","KFS2621","KFS2621-PERSON","Y"
"PERSON","KFS2629","KFS2629-PERSON","Y"
"PERSON","KFS2631","KFS2631-PERSON","Y"
"PERSON","KFS2641","KFS2641-PERSON","Y"
"PERSON","KFS2646","KFS2646-PERSON","Y"
"PERSON","KFS2648","KFS2648-PERSON","Y"
"PERSON","KFS2651","KFS2651-PERSON","Y"
"PERSON","KFS2655","KFS2655-PERSON","Y"
"PERSON","KFS2656","KFS2656-PERSON","Y"
"PERSON","KFS2657","KFS2657-PERSON","Y"
"PERSON","KFS2658","KFS2658-PERSON","Y"
"PERSON","KFS2659","KFS2659-PERSON","Y"
"PERSON","KFS2693","KFS2693-PERSON","Y"
"PERSON","KFS2694","KFS2694-PERSON","Y"
"PERSON","KFS2695","KFS2695-PERSON","Y"
"PERSON","KFS2734","KFS2734-PERSON","Y"
"PERSON","KFS2742","KFS2742-PERSON","Y"
"PERSON","KFS2743","KFS2743-PERSON","Y"
"PERSON","KFS2744","KFS2744-PERSON","Y"
"PERSON","KFS2745","KFS2745-PERSON","Y"
"PERSON","KFS2746","KFS2746-PERSON","Y"
"PERSON","KFS2747","KFS2747-PERSON","Y"
"PERSON","KFS2748","KFS2748-PERSON","Y"
"PERSON","KFS2749","KFS2749-PERSON","Y"
"PERSON","KFS2750","KFS2750-PERSON","Y"
"PERSON","KFS2751","KFS2751-PERSON","Y"
"PERSON","KFS2752","KFS2752-PERSON","Y"
"PERSON","KFS2753","KFS2753-PERSON","Y"
"PERSON","KFS2754","KFS2754-PERSON","Y"
"PERSON","KFS2755","KFS2755-PERSON","Y"
"PERSON","KFS2756","KFS2756-PERSON","Y"
"PERSON","KFS2757","KFS2757-PERSON","Y"
"PERSON","KFS2758","KFS2758-PERSON","Y"
"PERSON","KFS2759","KFS2759-PERSON","Y"
"PERSON","KFS2760","KFS2760-PERSON","Y"
"PERSON","KFS2761","KFS2761-PERSON","Y"
"PERSON","KFS2762","KFS2762-PERSON","Y"
"PERSON","KFS2763","KFS2763-PERSON","Y"
"PERSON","KFS2764","KFS2764-PERSON","Y"
"PERSON","KFS2765","KFS2765-PERSON","Y"
"PERSON","KFS2766","KFS2766-PERSON","Y"
"PERSON","KFS2767","KFS2767-PERSON","Y"
"PERSON","KFS2768","KFS2768-PERSON","Y"
"PERSON","KFS2769","KFS2769-PERSON","Y"
"PERSON","KFS2770","KFS2770-PERSON","Y"
"PERSON","KFS2771","KFS2771-PERSON","Y"
"PERSON","KFS2772","KFS2772-PERSON","Y"
"PERSON","KFS2773","KFS2773-PERSON","Y"
"PERSON","KFS2774","KFS2774-PERSON","Y"
"PERSON","KFS2775","KFS2775-PERSON","Y"
"PERSON","KFS2776","KFS2776-PERSON","Y"
"PERSON","KFS2777","KFS2777-PERSON","Y"
"PERSON","KFS2778","KFS2778-PERSON","Y"
"PERSON","KFS2779","KFS2779-PERSON","Y"
"PERSON","KFS2780","KFS2780-PERSON","Y"
"PERSON","KFS2781","KFS2781-PERSON","Y"
"PERSON","KFS2782","KFS2782-PERSON","Y"
"PERSON","KFS2783","KFS2783-PERSON","Y"
"PERSON","KFS2784","KFS2784-PERSON","Y"
"PERSON","KFS2785","KFS2785-PERSON","Y"
"PERSON","KFS2786","KFS2786-PERSON","Y"
"PERSON","KFS2787","KFS2787-PERSON","Y"
"PERSON","KFS2788","KFS2788-PERSON","Y"
"PERSON","KFS2789","KFS2789-PERSON","Y"
"PERSON","KFS2790","KFS2790-PERSON","Y"
"PERSON","KFS2791","KFS2791-PERSON","Y"
"PERSON","KFS2792","KFS2792-PERSON","Y"
"PERSON","KFS2793","KFS2793-PERSON","Y"
"PERSON","KFS2794","KFS2794-PERSON","Y"
"PERSON","KFS2795","KFS2795-PERSON","Y"
"PERSON","KFS2796","KFS2796-PERSON","Y"
"PERSON","KFS2797","KFS2797-PERSON","Y"
"PERSON","KFS2798","KFS2798-PERSON","Y"
"PERSON","KFS2799","KFS2799-PERSON","Y"
"PERSON","KFS2800","KFS2800-PERSON","Y"
"PERSON","KFS2801","KFS2801-PERSON","Y"
"PERSON","KFS2802","KFS2802-PERSON","Y"
"PERSON","KFS2803","KFS2803-PERSON","Y"
"PERSON","KFS2804","KFS2804-PERSON","Y"
"PERSON","KFS2805","KFS2805-PERSON","Y"
"PERSON","KFS2806","KFS2806-PERSON","Y"
"PERSON","KFS2807","KFS2807-PERSON","Y"
"PERSON","KFS2808","KFS2808-PERSON","Y"
"PERSON","KFS2809","KFS2809-PERSON","Y"
"PERSON","KFS2810","KFS2810-PERSON","Y"
"PERSON","KFS2811","KFS2811-PERSON","Y"
"PERSON","KFS2812","KFS2812-PERSON","Y"
"PERSON","KFS2813","KFS2813-PERSON","Y"
"PERSON","KFS2814","KFS2814-PERSON","Y"
"PERSON","KFS2815","KFS2815-PERSON","Y"
"PERSON","KFS2816","KFS2816-PERSON","Y"
"PERSON","KFS2817","KFS2817-PERSON","Y"
"PERSON","KFS2818","KFS2818-PERSON","Y"
"PERSON","KFS2819","KFS2819-PERSON","Y"
"PERSON","KFS2820","KFS2820-PERSON","Y"
"PERSON","KFS2821","KFS2821-PERSON","Y"
"PERSON","KFS2822","KFS2822-PERSON","Y"
"PERSON","KFS2823","KFS2823-PERSON","Y"
"PERSON","KFS2824","KFS2824-PERSON","Y"
"PERSON","KFS2825","KFS2825-PERSON","Y"
"PERSON","KFS2826","KFS2826-PERSON","Y"
"PERSON","KFS2827","KFS2827-PERSON","Y"
"PERSON","KFS2828","KFS2828-PERSON","Y"
"PERSON","KFS2829","KFS2829-PERSON","Y"
"PERSON","KFS2830","KFS2830-PERSON","Y"
"PERSON","KFS2831","KFS2831-PERSON","Y"
"PERSON","KFS2832","KFS2832-PERSON","Y"
"PERSON","KFS2833","KFS2833-PERSON","Y"
"PERSON","KFS2834","KFS2834-PERSON","Y"
"PERSON","KFS2835","KFS2835-PERSON","Y"
"PERSON","KFS2836","KFS2836-PERSON","Y"
"PERSON","KFS2837","KFS2837-PERSON","Y"
"PERSON","KFS2838","KFS2838-PERSON","Y"
"PERSON","KFS2839","KFS2839-PERSON","Y"
"PERSON","KFS2840","KFS2840-PERSON","Y"
"PERSON","KFS2841","KFS2841-PERSON","Y"
"PERSON","KFS2842","KFS2842-PERSON","Y"
"PERSON","KFS2843","KFS2843-PERSON","Y"
"PERSON","KFS2844","KFS2844-PERSON","Y"
"PERSON","KFS2845","KFS2845-PERSON","Y"
"PERSON","KFS2846","KFS2846-PERSON","Y"
"PERSON","KFS2847","KFS2847-PERSON","Y"
"PERSON","KFS2848","KFS2848-PERSON","Y"
"PERSON","KFS2849","KFS2849-PERSON","Y"
"PERSON","KFS2850","KFS2850-PERSON","Y"
"PERSON","KFS2851","KFS2851-PERSON","Y"
"PERSON","KFS2852","KFS2852-PERSON","Y"
"PERSON","KFS2853","KFS2853-PERSON","Y"
"PERSON","KFS2854","KFS2854-PERSON","Y"
"PERSON","KFS2855","KFS2855-PERSON","Y"
"PERSON","KFS2856","KFS2856-PERSON","Y"
"PERSON","KFS2857","KFS2857-PERSON","Y"
"PERSON","KFS2858","KFS2858-PERSON","Y"
"PERSON","KFS2859","KFS2859-PERSON","Y"
"PERSON","KFS2860","KFS2860-PERSON","Y"
"PERSON","KFS2861","KFS2861-PERSON","Y"
"PERSON","KFS2862","KFS2862-PERSON","Y"
"PERSON","KFS2863","KFS2863-PERSON","Y"
"PERSON","KFS2864","KFS2864-PERSON","Y"
"PERSON","KFS2865","KFS2865-PERSON","Y"
"PERSON","KFS2866","KFS2866-PERSON","Y"
"PERSON","KFS2867","KFS2867-PERSON","Y"
"PERSON","KFS2868","KFS2868-PERSON","Y"
"PERSON","KFS2869","KFS2869-PERSON","Y"
"PERSON","KFS2870","KFS2870-PERSON","Y"
"PERSON","KFS2871","KFS2871-PERSON","Y"
"PERSON","KFS2872","KFS2872-PERSON","Y"
"PERSON","KFS2873","KFS2873-PERSON","Y"
"PERSON","KFS2874","KFS2874-PERSON","Y"
"PERSON","KFS2875","KFS2875-PERSON","Y"
"PERSON","KFS2876","KFS2876-PERSON","Y"
"PERSON","KFS2877","KFS2877-PERSON","Y"
"PERSON","KFS2878","KFS2878-PERSON","Y"
"PERSON","KFS2879","KFS2879-PERSON","Y"
"PERSON","KFS2880","KFS2880-PERSON","Y"
"PERSON","KFS2881","KFS2881-PERSON","Y"
"PERSON","KFS2882","KFS2882-PERSON","Y"
"PERSON","KFS2883","KFS2883-PERSON","Y"
"PERSON","KFS2884","KFS2884-PERSON","Y"
"PERSON","KFS2885","KFS2885-PERSON","Y"
"PERSON","KFS2886","KFS2886-PERSON","Y"
"PERSON","KFS2887","KFS2887-PERSON","Y"
"PERSON","KFS2888","KFS2888-PERSON","Y"
"PERSON","KFS2889","KFS2889-PERSON","Y"
"PERSON","KFS2890","KFS2890-PERSON","Y"
"PERSON","KFS2891","KFS2891-PERSON","Y"
"PERSON","KFS2892","KFS2892-PERSON","Y"
"PERSON","KFS2893","KFS2893-PERSON","Y"
"PERSON","KFS2894","KFS2894-PERSON","Y"
"PERSON","KFS2895","KFS2895-PERSON","Y"
"PERSON","KFS2896","KFS2896-PERSON","Y"
"PERSON","KFS2897","KFS2897-PERSON","Y"
"PERSON","KFS2898","KFS2898-PERSON","Y"
"PERSON","KFS2899","KFS2899-PERSON","Y"
"PERSON","KFS2900","KFS2900-PERSON","Y"
"PERSON","KFS2901","KFS2901-PERSON","Y"
"PERSON","KFS2902","KFS2902-PERSON","Y"
"PERSON","KFS2903","KFS2903-PERSON","Y"
"PERSON","KFS2904","KFS2904-PERSON","Y"
"PERSON","KFS2905","KFS2905-PERSON","Y"
"PERSON","KFS2906","KFS2906-PERSON","Y"
"PERSON","KFS2907","KFS2907-PERSON","Y"
"PERSON","KFS2908","KFS2908-PERSON","Y"
"PERSON","KFS2909","KFS2909-PERSON","Y"
"PERSON","KFS2910","KFS2910-PERSON","Y"
"PERSON","KFS2911","KFS2911-PERSON","Y"
"PERSON","KFS2912","KFS2912-PERSON","Y"
"PERSON","KFS2913","KFS2913-PERSON","Y"
"PERSON","KFS2914","KFS2914-PERSON","Y"
"PERSON","KFS2915","KFS2915-PERSON","Y"
"PERSON","KFS2916","KFS2916-PERSON","Y"
"PERSON","KFS2917","KFS2917-PERSON","Y"
"PERSON","KFS2918","KFS2918-PERSON","Y"
"PERSON","KFS2919","KFS2919-PERSON","Y"
"PERSON","KFS2920","KFS2920-PERSON","Y"
"PERSON","KFS2921","KFS2921-PERSON","Y"
"PERSON","KFS2922","KFS2922-PERSON","Y"
"PERSON","KFS2923","KFS2923-PERSON","Y"
"PERSON","KFS2924","KFS2924-PERSON","Y"
"PERSON","KFS2925","KFS2925-PERSON","Y"
"PERSON","KFS2926","KFS2926-PERSON","Y"
"PERSON","KFS2927","KFS2927-PERSON","Y"
"PERSON","KFS2928","KFS2928-PERSON","Y"
"PERSON","KFS2929","KFS2929-PERSON","Y"
"PERSON","KFS2930","KFS2930-PERSON","Y"
"PERSON","KFS2931","KFS2931-PERSON","Y"
"PERSON","KFS2932","KFS2932-PERSON","Y"
"PERSON","KFS2933","KFS2933-PERSON","Y"
"PERSON","KFS2934","KFS2934-PERSON","Y"
"PERSON","KFS2935","KFS2935-PERSON","Y"
"PERSON","KFS2936","KFS2936-PERSON","Y"
"PERSON","KFS2937","KFS2937-PERSON","Y"
"PERSON","KFS2938","KFS2938-PERSON","Y"
"PERSON","KFS2939","KFS2939-PERSON","Y"
"PERSON","KFS2940","KFS2940-PERSON","Y"
"PERSON","KFS2941","KFS2941-PERSON","Y"
"PERSON","KFS2942","KFS2942-PERSON","Y"
"PERSON","KFS2943","KFS2943-PERSON","Y"
"PERSON","KFS2944","KFS2944-PERSON","Y"
"PERSON","KFS2945","KFS2945-PERSON","Y"
"PERSON","KFS2946","KFS2946-PERSON","Y"
"PERSON","KFS2947","KFS2947-PERSON","Y"
"PERSON","KFS2948","KFS2948-PERSON","Y"
"PERSON","KFS2949","KFS2949-PERSON","Y"
"PERSON","KFS2950","KFS2950-PERSON","Y"
"PERSON","KFS2951","KFS2951-PERSON","Y"
"PERSON","KFS2952","KFS2952-PERSON","Y"
"PERSON","KFS2953","KFS2953-PERSON","Y"
"PERSON","KFS2954","KFS2954-PERSON","Y"
"PERSON","KFS2955","KFS2955-PERSON","Y"
"PERSON","KFS2956","KFS2956-PERSON","Y"
"PERSON","KFS2957","KFS2957-PERSON","Y"
"PERSON","KFS2958","KFS2958-PERSON","Y"
"PERSON","KFS2959","KFS2959-PERSON","Y"
"PERSON","KFS2960","KFS2960-PERSON","Y"
"PERSON","KFS2961","KFS2961-PERSON","Y"
"PERSON","KFS2962","KFS2962-PERSON","Y"
"PERSON","KFS2963","KFS2963-PERSON","Y"
"PERSON","KFS2964","KFS2964-PERSON","Y"
"PERSON","KFS2965","KFS2965-PERSON","Y"
"PERSON","KFS2966","KFS2966-PERSON","Y"
"PERSON","KFS2967","KFS2967-PERSON","Y"
"PERSON","KFS2968","KFS2968-PERSON","Y"
"PERSON","KFS2969","KFS2969-PERSON","Y"
"PERSON","KFS2970","KFS2970-PERSON","Y"
"PERSON","KFS2971","KFS2971-PERSON","Y"
"PERSON","KFS2972","KFS2972-PERSON","Y"
"PERSON","KFS2973","KFS2973-PERSON","Y"
"PERSON","KFS2974","KFS2974-PERSON","Y"
"PERSON","KFS2975","KFS2975-PERSON","Y"
"PERSON","KFS2976","KFS2976-PERSON","Y"
"PERSON","KFS2977","KFS2977-PERSON","Y"
"PERSON","KFS2978","KFS2978-PERSON","Y"
"PERSON","KFS2979","KFS2979-PERSON","Y"
"PERSON","KFS2980","KFS2980-PERSON","Y"
"PERSON","KFS2981","KFS2981-PERSON","Y"
"PERSON","KFS2982","KFS2982-PERSON","Y"
"PERSON","KFS2983","KFS2983-PERSON","Y"
"PERSON","KFS2984","KFS2984-PERSON","Y"
"PERSON","KFS2985","KFS2985-PERSON","Y"
"PERSON","KFS2986","KFS2986-PERSON","Y"
"PERSON","KFS2987","KFS2987-PERSON","Y"
"PERSON","KFS2988","KFS2988-PERSON","Y"
"PERSON","KFS2989","KFS2989-PERSON","Y"
"PERSON","KFS2990","KFS2990-PERSON","Y"
"PERSON","KFS2991","KFS2991-PERSON","Y"
"PERSON","KFS2992","KFS2992-PERSON","Y"
"PERSON","KFS2993","KFS2993-PERSON","Y"
"PERSON","KFS2994","KFS2994-PERSON","Y"
"PERSON","KFS2995","KFS2995-PERSON","Y"
"PERSON","KFS2996","KFS2996-PERSON","Y"
"PERSON","KFS2997","KFS2997-PERSON","Y"
"PERSON","KFS2998","KFS2998-PERSON","Y"
"PERSON","KFS2999","KFS2999-PERSON","Y"
"PERSON","KFS3000","KFS3000-PERSON","Y"
"PERSON","KFS3001","KFS3001-PERSON","Y"
"PERSON","KFS3002","KFS3002-PERSON","Y"
"PERSON","KFS3003","KFS3003-PERSON","Y"
"PERSON","KFS3004","KFS3004-PERSON","Y"
"PERSON","KFS3005","KFS3005-PERSON","Y"
"PERSON","KFS3006","KFS3006-PERSON","Y"
"PERSON","KFS3007","KFS3007-PERSON","Y"
"PERSON","KFS3008","KFS3008-PERSON","Y"
"PERSON","KFS3009","KFS3009-PERSON","Y"
"PERSON","KFS3010","KFS3010-PERSON","Y"
"PERSON","KFS3011","KFS3011-PERSON","Y"
"PERSON","KFS3012","KFS3012-PERSON","Y"
"PERSON","KFS3013","KFS3013-PERSON","Y"
"PERSON","KFS3014","KFS3014-PERSON","Y"
"PERSON","KFS3015","KFS3015-PERSON","Y"
"PERSON","KFS3016","KFS3016-PERSON","Y"
"PERSON","KFS3017","KFS3017-PERSON","Y"
"PERSON","KFS3018","KFS3018-PERSON","Y"
"PERSON","KFS3019","KFS3019-PERSON","Y"
"PERSON","KFS3020","KFS3020-PERSON","Y"
"PERSON","KFS3021","KFS3021-PERSON","Y"
"PERSON","KFS3022","KFS3022-PERSON","Y"
"PERSON","KFS3023","KFS3023-PERSON","Y"
"PERSON","KFS3024","KFS3024-PERSON","Y"
"PERSON","KFS3025","KFS3025-PERSON","Y"
"PERSON","KFS3026","KFS3026-PERSON","Y"
"PERSON","KFS3027","KFS3027-PERSON","Y"
"PERSON","KFS3028","KFS3028-PERSON","Y"
"PERSON","KFS3029","KFS3029-PERSON","Y"
"PERSON","KFS3030","KFS3030-PERSON","Y"
"PERSON","KFS3031","KFS3031-PERSON","Y"
"PERSON","KFS3032","KFS3032-PERSON","Y"
"PERSON","KFS3033","KFS3033-PERSON","Y"
"PERSON","KFS3034","KFS3034-PERSON","Y"
"PERSON","KFS3035","KFS3035-PERSON","Y"
"PERSON","KFS3036","KFS3036-PERSON","Y"
"PERSON","KFS3037","KFS3037-PERSON","Y"
"PERSON","KFS3038","KFS3038-PERSON","Y"
"PERSON","KFS3039","KFS3039-PERSON","Y"
"PERSON","KFS3040","KFS3040-PERSON","Y"
"PERSON","KFS3041","KFS3041-PERSON","Y"
"PERSON","KFS3042","KFS3042-PERSON","Y"
"PERSON","KFS3043","KFS3043-PERSON","Y"
"PERSON","KFS3044","KFS3044-PERSON","Y"
"PERSON","KFS3045","KFS3045-PERSON","Y"
"PERSON","KFS3046","KFS3046-PERSON","Y"
"PERSON","KFS3047","KFS3047-PERSON","Y"
"PERSON","KFS3048","KFS3048-PERSON","Y"
"PERSON","KFS3049","KFS3049-PERSON","Y"
"PERSON","KFS3050","KFS3050-PERSON","Y"
"PERSON","KFS3051","KFS3051-PERSON","Y"
"PERSON","KFS3052","KFS3052-PERSON","Y"
"PERSON","KFS3053","KFS3053-PERSON","Y"
"PERSON","KFS3054","KFS3054-PERSON","Y"
"PERSON","KFS3055","KFS3055-PERSON","Y"
"PERSON","KFS3056","KFS3056-PERSON","Y"
"PERSON","KFS3057","KFS3057-PERSON","Y"
"PERSON","KFS3058","KFS3058-PERSON","Y"
"PERSON","KFS3059","KFS3059-PERSON","Y"
"PERSON","KFS3060","KFS3060-PERSON","Y"
"PERSON","KFS3061","KFS3061-PERSON","Y"
"PERSON","KFS3062","KFS3062-PERSON","Y"
"PERSON","KFS3063","KFS3063-PERSON","Y"
"PERSON","KFS3064","KFS3064-PERSON","Y"
"PERSON","KFS3065","KFS3065-PERSON","Y"
"PERSON","KFS3066","KFS3066-PERSON","Y"
"PERSON","KFS3067","KFS3067-PERSON","Y"
"PERSON","KFS3068","KFS3068-PERSON","Y"
"PERSON","KFS3069","KFS3069-PERSON","Y"
"PERSON","KFS3070","KFS3070-PERSON","Y"
"PERSON","KFS3071","KFS3071-PERSON","Y"
"PERSON","KFS3072","KFS3072-PERSON","Y"
"PERSON","KFS3073","KFS3073-PERSON","Y"
"PERSON","KFS3074","KFS3074-PERSON","Y"
"PERSON","KFS3075","KFS3075-PERSON","Y"
"PERSON","KFS3076","KFS3076-PERSON","Y"
"PERSON","KFS3077","KFS3077-PERSON","Y"
"PERSON","KFS3078","KFS3078-PERSON","Y"
"PERSON","KFS3079","KFS3079-PERSON","Y"
"PERSON","KFS3080","KFS3080-PERSON","Y"
"PERSON","KFS3081","KFS3081-PERSON","Y"
"PERSON","KFS3082","KFS3082-PERSON","Y"
"PERSON","KFS3083","KFS3083-PERSON","Y"
"PERSON","KFS3084","KFS3084-PERSON","Y"
"PERSON","KFS3085","KFS3085-PERSON","Y"
"PERSON","KFS3086","KFS3086-PERSON","Y"
"PERSON","KFS3087","KFS3087-PERSON","Y"
"PERSON","KFS3088","KFS3088-PERSON","Y"
"PERSON","KFS3089","KFS3089-PERSON","Y"
"PERSON","KFS3090","KFS3090-PERSON","Y"
"PERSON","KFS3091","KFS3091-PERSON","Y"
"PERSON","KFS3092","KFS3092-PERSON","Y"
"PERSON","KFS3093","KFS3093-PERSON","Y"
"PERSON","KFS3094","KFS3094-PERSON","Y"
"PERSON","KFS3095","KFS3095-PERSON","Y"
"PERSON","KFS3096","KFS3096-PERSON","Y"
"PERSON","KFS3097","KFS3097-PERSON","Y"
"PERSON","KFS3098","KFS3098-PERSON","Y"
"PERSON","KFS3099","KFS3099-PERSON","Y"
"PERSON","KFS3100","KFS3100-PERSON","Y"
"PERSON","KFS3101","KFS3101-PERSON","Y"
"PERSON","KFS3102","KFS3102-PERSON","Y"
"PERSON","KFS3103","KFS3103-PERSON","Y"
"PERSON","KFS3104","KFS3104-PERSON","Y"
"PERSON","KFS3105","KFS3105-PERSON","Y"
"PERSON","KFS3106","KFS3106-PERSON","Y"
"PERSON","KFS3107","KFS3107-PERSON","Y"
"PERSON","KFS3108","KFS3108-PERSON","Y"
"PERSON","KFS3109","KFS3109-PERSON","Y"
"PERSON","KFS3110","KFS3110-PERSON","Y"
"PERSON","KFS3111","KFS3111-PERSON","Y"
"PERSON","KFS3112","KFS3112-PERSON","Y"
"PERSON","KFS3113","KFS3113-PERSON","Y"
"PERSON","KFS3114","KFS3114-PERSON","Y"
"PERSON","KFS3115","KFS3115-PERSON","Y"
"PERSON","KFS3116","KFS3116-PERSON","Y"
"PERSON","KFS3117","KFS3117-PERSON","Y"
"PERSON","KFS3118","KFS3118-PERSON","Y"
"PERSON","KFS3119","KFS3119-PERSON","Y"
"PERSON","KFS3120","KFS3120-PERSON","Y"
"PERSON","KFS3121","KFS3121-PERSON","Y"
"PERSON","KFS3122","KFS3122-PERSON","Y"
"PERSON","KFS3123","KFS3123-PERSON","Y"
"PERSON","KFS3124","KFS3124-PERSON","Y"
"PERSON","KFS3125","KFS3125-PERSON","Y"
"PERSON","KFS3126","KFS3126-PERSON","Y"
"PERSON","KFS3127","KFS3127-PERSON","Y"
"PERSON","KFS3128","KFS3128-PERSON","Y"
"PERSON","KFS3129","KFS3129-PERSON","Y"
"PERSON","KFS3130","KFS3130-PERSON","Y"
"PERSON","KFS3131","KFS3131-PERSON","Y"
"PERSON","KFS3132","KFS3132-PERSON","Y"
"PERSON","KFS3133","KFS3133-PERSON","Y"
"PERSON","KFS3134","KFS3134-PERSON","Y"
"PERSON","KFS3135","KFS3135-PERSON","Y"
"PERSON","KFS3136","KFS3136-PERSON","Y"
"PERSON","KFS3137","KFS3137-PERSON","Y"
"PERSON","KFS3138","KFS3138-PERSON","Y"
"PERSON","KFS3139","KFS3139-PERSON","Y"
"PERSON","KFS3140","KFS3140-PERSON","Y"
"PERSON","KFS3141","KFS3141-PERSON","Y"
"PERSON","KFS3142","KFS3142-PERSON","Y"
"PERSON","KFS3143","KFS3143-PERSON","Y"
"PERSON","KFS3144","KFS3144-PERSON","Y"
"PERSON","KFS3145","KFS3145-PERSON","Y"
"PERSON","KFS3146","KFS3146-PERSON","Y"
"PERSON","KFS3147","KFS3147-PERSON","Y"
"PERSON","KFS3148","KFS3148-PERSON","Y"
"PERSON","KFS3149","KFS3149-PERSON","Y"
"PERSON","KFS3150","KFS3150-PERSON","Y"
"PERSON","KFS3151","KFS3151-PERSON","Y"
"PERSON","KFS3152","KFS3152-PERSON","Y"
"PERSON","KFS3153","KFS3153-PERSON","Y"
"PERSON","KFS3154","KFS3154-PERSON","Y"
"PERSON","KFS3155","KFS3155-PERSON","Y"
"PERSON","KFS3156","KFS3156-PERSON","Y"
"PERSON","KFS3157","KFS3157-PERSON","Y"
"PERSON","KFS3158","KFS3158-PERSON","Y"
"PERSON","KFS3159","KFS3159-PERSON","Y"
"PERSON","KFS3160","KFS3160-PERSON","Y"
"PERSON","KFS3161","KFS3161-PERSON","Y"
"PERSON","KFS3162","KFS3162-PERSON","Y"
"PERSON","KFS3163","KFS3163-PERSON","Y"
"PERSON","KFS3164","KFS3164-PERSON","Y"
"PERSON","KFS3165","KFS3165-PERSON","Y"
"PERSON","KFS3166","KFS3166-PERSON","Y"
"PERSON","KFS3167","KFS3167-PERSON","Y"
"PERSON","KFS3168","KFS3168-PERSON","Y"
"PERSON","KFS3169","KFS3169-PERSON","Y"
"PERSON","KFS3170","KFS3170-PERSON","Y"
"PERSON","KFS3171","KFS3171-PERSON","Y"
"PERSON","KFS3172","KFS3172-PERSON","Y"
"PERSON","KFS3173","KFS3173-PERSON","Y"
"PERSON","KFS3174","KFS3174-PERSON","Y"
"PERSON","KFS3175","KFS3175-PERSON","Y"
"PERSON","KFS3176","KFS3176-PERSON","Y"
"PERSON","KFS3177","KFS3177-PERSON","Y"
"PERSON","KFS3178","KFS3178-PERSON","Y"
"PERSON","KFS3179","KFS3179-PERSON","Y"
"PERSON","KFS3180","KFS3180-PERSON","Y"
"PERSON","KFS3181","KFS3181-PERSON","Y"
"PERSON","KFS3182","KFS3182-PERSON","Y"
"PERSON","KFS3183","KFS3183-PERSON","Y"
"PERSON","KFS3184","KFS3184-PERSON","Y"
"PERSON","KFS3185","KFS3185-PERSON","Y"
"PERSON","KFS3186","KFS3186-PERSON","Y"
"PERSON","KFS3187","KFS3187-PERSON","Y"
"PERSON","KFS3188","KFS3188-PERSON","Y"
"PERSON","KFS3189","KFS3189-PERSON","Y"
"PERSON","KFS3190","KFS3190-PERSON","Y"
"PERSON","KFS3191","KFS3191-PERSON","Y"
"PERSON","KFS3192","KFS3192-PERSON","Y"
"PERSON","KFS3193","KFS3193-PERSON","Y"
"PERSON","KFS3194","KFS3194-PERSON","Y"
"PERSON","KFS3195","KFS3195-PERSON","Y"
"PERSON","KFS3196","KFS3196-PERSON","Y"
"PERSON","KFS3197","KFS3197-PERSON","Y"
"PERSON","KFS3198","KFS3198-PERSON","Y"
"PERSON","KFS3199","KFS3199-PERSON","Y"
"PERSON","KFS3200","KFS3200-PERSON","Y"
"PERSON","KFS3201","KFS3201-PERSON","Y"
"PERSON","KFS3202","KFS3202-PERSON","Y"
"PERSON","KFS3203","KFS3203-PERSON","Y"
"PERSON","KFS3204","KFS3204-PERSON","Y"
"PERSON","KFS3205","KFS3205-PERSON","Y"
"PERSON","KFS3206","KFS3206-PERSON","Y"
"PERSON","KFS3207","KFS3207-PERSON","Y"
"PERSON","KFS3208","KFS3208-PERSON","Y"
"PERSON","KFS3209","KFS3209-PERSON","Y"
"PERSON","KFS3210","KFS3210-PERSON","Y"
"PERSON","KFS3211","KFS3211-PERSON","Y"
"PERSON","KFS3212","KFS3212-PERSON","Y"
"PERSON","KFS3213","KFS3213-PERSON","Y"
"PERSON","KFS3214","KFS3214-PERSON","Y"
"PERSON","KFS3215","KFS3215-PERSON","Y"
"PERSON","KFS3216","KFS3216-PERSON","Y"
"PERSON","KFS3217","KFS3217-PERSON","Y"
"PERSON","KFS3218","KFS3218-PERSON","Y"
"PERSON","KFS3219","KFS3219-PERSON","Y"
"PERSON","KFS3220","KFS3220-PERSON","Y"
"PERSON","KFS3221","KFS3221-PERSON","Y"
"PERSON","KFS3222","KFS3222-PERSON","Y"
"PERSON","KFS3223","KFS3223-PERSON","Y"
"PERSON","KFS3224","KFS3224-PERSON","Y"
"PERSON","KFS3225","KFS3225-PERSON","Y"
"PERSON","KFS3226","KFS3226-PERSON","Y"
"PERSON","KFS3227","KFS3227-PERSON","Y"
"PERSON","KFS3228","KFS3228-PERSON","Y"
"PERSON","KFS3229","KFS3229-PERSON","Y"
"PERSON","KFS3230","KFS3230-PERSON","Y"
"PERSON","KFS3231","KFS3231-PERSON","Y"
"PERSON","KFS3232","KFS3232-PERSON","Y"
"PERSON","KFS3233","KFS3233-PERSON","Y"
"PERSON","KFS3234","KFS3234-PERSON","Y"
"PERSON","KFS3235","KFS3235-PERSON","Y"
"PERSON","KFS3236","KFS3236-PERSON","Y"
"PERSON","KFS3237","KFS3237-PERSON","Y"
"PERSON","KFS3238","KFS3238-PERSON","Y"
"PERSON","KFS3239","KFS3239-PERSON","Y"
"PERSON","KFS3240","KFS3240-PERSON","Y"
"PERSON","KFS3241","KFS3241-PERSON","Y"
"PERSON","KFS3242","KFS3242-PERSON","Y"
"PERSON","KFS3243","KFS3243-PERSON","Y"
"PERSON","KFS3244","KFS3244-PERSON","Y"
"PERSON","KFS3245","KFS3245-PERSON","Y"
"PERSON","KFS3246","KFS3246-PERSON","Y"
"PERSON","KFS3247","KFS3247-PERSON","Y"
"PERSON","KFS3248","KFS3248-PERSON","Y"
"PERSON","KFS3249","KFS3249-PERSON","Y"
"PERSON","KFS3250","KFS3250-PERSON","Y"
"PERSON","KFS3251","KFS3251-PERSON","Y"
"PERSON","KFS3252","KFS3252-PERSON","Y"
"PERSON","KFS3253","KFS3253-PERSON","Y"
"PERSON","KFS3254","KFS3254-PERSON","Y"
"PERSON","KFS3255","KFS3255-PERSON","Y"
"PERSON","KFS3256","KFS3256-PERSON","Y"
"PERSON","KFS3257","KFS3257-PERSON","Y"
"PERSON","KFS3258","KFS3258-PERSON","Y"
"PERSON","KFS3259","KFS3259-PERSON","Y"
"PERSON","KFS3260","KFS3260-PERSON","Y"
"PERSON","KFS3261","KFS3261-PERSON","Y"
"PERSON","KFS3262","KFS3262-PERSON","Y"
"PERSON","KFS3263","KFS3263-PERSON","Y"
"PERSON","KFS3264","KFS3264-PERSON","Y"
"PERSON","KFS3265","KFS3265-PERSON","Y"
"PERSON","KFS3266","KFS3266-PERSON","Y"
"PERSON","KFS3267","KFS3267-PERSON","Y"
"PERSON","KFS3268","KFS3268-PERSON","Y"
"PERSON","KFS3269","KFS3269-PERSON","Y"
"PERSON","KFS3270","KFS3270-PERSON","Y"
"PERSON","KFS3272","KFS3272-PERSON","Y"
"PERSON","KFS3273","KFS3273-PERSON","Y"
"PERSON","KFS3274","KFS3274-PERSON","Y"
"PERSON","KFS3275","KFS3275-PERSON","Y"
"PERSON","KFS3276","KFS3276-PERSON","Y"
"PERSON","KFS3277","KFS3277-PERSON","Y"
"PERSON","KFS3278","KFS3278-PERSON","Y"
"PERSON","KFS3279","KFS3279-PERSON","Y"
"PERSON","KFS3280","KFS3280-PERSON","Y"
"PERSON","KFS3281","KFS3281-PERSON","Y"
"PERSON","KFS3282","KFS3282-PERSON","Y"
"PERSON","KFS3283","KFS3283-PERSON","Y"
"PERSON","KFS3284","KFS3284-PERSON","Y"
"PERSON","KFS3285","KFS3285-PERSON","Y"
"PERSON","KFS3286","KFS3286-PERSON","Y"
"PERSON","KFS3287","KFS3287-PERSON","Y"
"PERSON","KFS3288","KFS3288-PERSON","Y"
"PERSON","KFS3289","KFS3289-PERSON","Y"
"PERSON","KFS3290","KFS3290-PERSON","Y"
"PERSON","KFS3291","KFS3291-PERSON","Y"
"PERSON","KFS3292","KFS3292-PERSON","Y"
"PERSON","KFS3293","KFS3293-PERSON","Y"
"PERSON","KFS3294","KFS3294-PERSON","Y"
"PERSON","KFS3295","KFS3295-PERSON","Y"
"PERSON","KFS3296","KFS3296-PERSON","Y"
"PERSON","KFS3297","KFS3297-PERSON","Y"
"PERSON","KFS3298","KFS3298-PERSON","Y"
"PERSON","KFS3299","KFS3299-PERSON","Y"
"PERSON","KFS3300","KFS3300-PERSON","Y"
"PERSON","KFS3301","KFS3301-PERSON","Y"
"PERSON","KFS3302","KFS3302-PERSON","Y"
"PERSON","KFS3303","KFS3303-PERSON","Y"
"PERSON","KFS3304","KFS3304-PERSON","Y"
"PERSON","KFS3305","KFS3305-PERSON","Y"
"PERSON","KFS3306","KFS3306-PERSON","Y"
"PERSON","KFS3307","KFS3307-PERSON","Y"
"PERSON","KFS3308","KFS3308-PERSON","Y"
"PERSON","KFS3309","KFS3309-PERSON","Y"
"PERSON","KFS3310","KFS3310-PERSON","Y"
"PERSON","KFS3311","KFS3311-PERSON","Y"
"PERSON","KFS3312","KFS3312-PERSON","Y"
"PERSON","KFS3313","KFS3313-PERSON","Y"
"PERSON","KFS3314","KFS3314-PERSON","Y"
"PERSON","KFS3315","KFS3315-PERSON","Y"
"PERSON","KFS3316","KFS3316-PERSON","Y"
"PERSON","KFS3317","KFS3317-PERSON","Y"
"PERSON","KFS3318","KFS3318-PERSON","Y"
"PERSON","KFS3319","KFS3319-PERSON","Y"
"PERSON","KFS3320","KFS3320-PERSON","Y"
"PERSON","KFS3321","KFS3321-PERSON","Y"
"PERSON","KFS3322","KFS3322-PERSON","Y"
"PERSON","KFS3323","KFS3323-PERSON","Y"
"PERSON","KFS3324","KFS3324-PERSON","Y"
"PERSON","KFS3325","KFS3325-PERSON","Y"
"PERSON","KFS3326","KFS3326-PERSON","Y"
"PERSON","KFS3327","KFS3327-PERSON","Y"
"PERSON","KFS3328","KFS3328-PERSON","Y"
"PERSON","KFS3329","KFS3329-PERSON","Y"
"PERSON","KFS3330","KFS3330-PERSON","Y"
"PERSON","KFS3331","KFS3331-PERSON","Y"
"PERSON","KFS3332","KFS3332-PERSON","Y"
"PERSON","KFS3333","KFS3333-PERSON","Y"
"PERSON","KFS3334","KFS3334-PERSON","Y"
"PERSON","KFS3335","KFS3335-PERSON","Y"
"PERSON","KFS3336","KFS3336-PERSON","Y"
"PERSON","KFS3337","KFS3337-PERSON","Y"
"PERSON","KFS3338","KFS3338-PERSON","Y"
"PERSON","KFS3339","KFS3339-PERSON","Y"
"PERSON","KFS3340","KFS3340-PERSON","Y"
"PERSON","KFS3341","KFS3341-PERSON","Y"
"PERSON","KFS3342","KFS3342-PERSON","Y"
"PERSON","KFS3343","KFS3343-PERSON","Y"
"PERSON","KFS3344","KFS3344-PERSON","Y"
"PERSON","KFS3345","KFS3345-PERSON","Y"
"PERSON","KFS3346","KFS3346-PERSON","Y"
"PERSON","KFS3347","KFS3347-PERSON","Y"
"PERSON","KFS3348","KFS3348-PERSON","Y"
"PERSON","KFS3349","KFS3349-PERSON","Y"
"PERSON","KFS3350","KFS3350-PERSON","Y"
"PERSON","KFS3351","KFS3351-PERSON","Y"
"PERSON","KFS3352","KFS3352-PERSON","Y"
"PERSON","KFS3353","KFS3353-PERSON","Y"
"PERSON","KFS3354","KFS3354-PERSON","Y"
"PERSON","KFS3355","KFS3355-PERSON","Y"
"PERSON","KFS3356","KFS3356-PERSON","Y"
"PERSON","KFS3357","KFS3357-PERSON","Y"
"PERSON","KFS3358","KFS3358-PERSON","Y"
"PERSON","KFS3359","KFS3359-PERSON","Y"
"PERSON","KFS3360","KFS3360-PERSON","Y"
"PERSON","KFS3361","KFS3361-PERSON","Y"
"PERSON","KFS3362","KFS3362-PERSON","Y"
"PERSON","KFS3363","KFS3363-PERSON","Y"
"PERSON","KFS3364","KFS3364-PERSON","Y"
"PERSON","KFS3365","KFS3365-PERSON","Y"
"PERSON","KFS3366","KFS3366-PERSON","Y"
"PERSON","KFS3367","KFS3367-PERSON","Y"
"PERSON","KFS3368","KFS3368-PERSON","Y"
"PERSON","KFS3369","KFS3369-PERSON","Y"
"PERSON","KFS3370","KFS3370-PERSON","Y"
"PERSON","KFS3371","KFS3371-PERSON","Y"
"PERSON","KFS3372","KFS3372-PERSON","Y"
"PERSON","KFS3373","KFS3373-PERSON","Y"
"PERSON","KFS3374","KFS3374-PERSON","Y"
"PERSON","KFS3375","KFS3375-PERSON","Y"
"PERSON","KFS3376","KFS3376-PERSON","Y"
"PERSON","KFS3377","KFS3377-PERSON","Y"
"PERSON","KFS3378","KFS3378-PERSON","Y"
"PERSON","KFS3379","KFS3379-PERSON","Y"
"PERSON","KFS3380","KFS3380-PERSON","Y"
"PERSON","KFS3381","KFS3381-PERSON","Y"
"PERSON","KFS3382","KFS3382-PERSON","Y"
"PERSON","KFS3383","KFS3383-PERSON","Y"
"PERSON","KFS3384","KFS3384-PERSON","Y"
"PERSON","KFS3385","KFS3385-PERSON","Y"
"PERSON","KFS3386","KFS3386-PERSON","Y"
"PERSON","KFS3387","KFS3387-PERSON","Y"
"PERSON","KFS3388","KFS3388-PERSON","Y"
"PERSON","KFS3389","KFS3389-PERSON","Y"
"PERSON","KFS3390","KFS3390-PERSON","Y"
"PERSON","KFS3391","KFS3391-PERSON","Y"
"PERSON","KFS3392","KFS3392-PERSON","Y"
"PERSON","KFS3393","KFS3393-PERSON","Y"
"PERSON","KFS3394","KFS3394-PERSON","Y"
"PERSON","KFS3395","KFS3395-PERSON","Y"
"PERSON","KFS3396","KFS3396-PERSON","Y"
"PERSON","KFS3397","KFS3397-PERSON","Y"
"PERSON","KFS3398","KFS3398-PERSON","Y"
"PERSON","KFS3399","KFS3399-PERSON","Y"
"PERSON","KFS3400","KFS3400-PERSON","Y"
"PERSON","KFS3401","KFS3401-PERSON","Y"
"PERSON","KFS3402","KFS3402-PERSON","Y"
"PERSON","KFS3403","KFS3403-PERSON","Y"
"PERSON","KFS3404","KFS3404-PERSON","Y"
"PERSON","KFS3405","KFS3405-PERSON","Y"
"PERSON","KFS3406","KFS3406-PERSON","Y"
"PERSON","KFS3407","KFS3407-PERSON","Y"
"PERSON","KFS3408","KFS3408-PERSON","Y"
"PERSON","KFS3409","KFS3409-PERSON","Y"
"PERSON","KFS3410","KFS3410-PERSON","Y"
"PERSON","KFS3411","KFS3411-PERSON","Y"
"PERSON","KFS3412","KFS3412-PERSON","Y"
"PERSON","KFS3413","KFS3413-PERSON","Y"
"PERSON","KFS3414","KFS3414-PERSON","Y"
"PERSON","KFS3415","KFS3415-PERSON","Y"
"PERSON","KFS3416","KFS3416-PERSON","Y"
"PERSON","KFS3417","KFS3417-PERSON","Y"
"PERSON","KFS3418","KFS3418-PERSON","Y"
"PERSON","KFS3419","KFS3419-PERSON","Y"
"PERSON","KFS3420","KFS3420-PERSON","Y"
"PERSON","KFS3421","KFS3421-PERSON","Y"
"PERSON","KFS3422","KFS3422-PERSON","Y"
"PERSON","KFS3423","KFS3423-PERSON","Y"
"PERSON","KFS3424","KFS3424-PERSON","Y"
"PERSON","KFS3425","KFS3425-PERSON","Y"
"PERSON","KFS3426","KFS3426-PERSON","Y"
"PERSON","KFS3427","KFS3427-PERSON","Y"
"PERSON","KFS3428","KFS3428-PERSON","Y"
"PERSON","KFS3429","KFS3429-PERSON","Y"
"PERSON","KFS3430","KFS3430-PERSON","Y"
"PERSON","KFS3431","KFS3431-PERSON","Y"
"PERSON","KFS3432","KFS3432-PERSON","Y"
"PERSON","KFS3433","KFS3433-PERSON","Y"
"PERSON","KFS3434","KFS3434-PERSON","Y"
"PERSON","KFS3435","KFS3435-PERSON","Y"
"PERSON","KFS3436","KFS3436-PERSON","Y"
"PERSON","KFS3437","KFS3437-PERSON","Y"
"PERSON","KFS3438","KFS3438-PERSON","Y"
"PERSON","KFS3439","KFS3439-PERSON","Y"
"PERSON","KFS3440","KFS3440-PERSON","Y"
"PERSON","KFS3441","KFS3441-PERSON","Y"
"PERSON","KFS3442","KFS3442-PERSON","Y"
"PERSON","KFS3443","KFS3443-PERSON","Y"
"PERSON","KFS3444","KFS3444-PERSON","Y"
"PERSON","KFS3445","KFS3445-PERSON","Y"
"PERSON","KFS3446","KFS3446-PERSON","Y"
"PERSON","KFS3447","KFS3447-PERSON","Y"
"PERSON","KFS3448","KFS3448-PERSON","Y"
"PERSON","KFS3449","KFS3449-PERSON","Y"
"PERSON","KFS3450","KFS3450-PERSON","Y"
"PERSON","KFS3451","KFS3451-PERSON","Y"
"PERSON","KFS3452","KFS3452-PERSON","Y"
"PERSON","KFS3453","KFS3453-PERSON","Y"
"PERSON","KFS3454","KFS3454-PERSON","Y"
"PERSON","KFS3455","KFS3455-PERSON","Y"
"PERSON","KFS3456","KFS3456-PERSON","Y"
"PERSON","KFS3457","KFS3457-PERSON","Y"
"PERSON","KFS3458","KFS3458-PERSON","Y"
"PERSON","KFS3459","KFS3459-PERSON","Y"
"PERSON","KFS3460","KFS3460-PERSON","Y"
"PERSON","KFS3461","KFS3461-PERSON","Y"
"PERSON","KFS3462","KFS3462-PERSON","Y"
"PERSON","KFS3463","KFS3463-PERSON","Y"
"PERSON","KFS3464","KFS3464-PERSON","Y"
"PERSON","KFS3465","KFS3465-PERSON","Y"
"PERSON","KFS3466","KFS3466-PERSON","Y"
"PERSON","KFS3467","KFS3467-PERSON","Y"
"PERSON","KFS3468","KFS3468-PERSON","Y"
"PERSON","KFS3469","KFS3469-PERSON","Y"
"PERSON","KFS3470","KFS3470-PERSON","Y"
"PERSON","KFS3471","KFS3471-PERSON","Y"
"PERSON","KFS3472","KFS3472-PERSON","Y"
"PERSON","KFS3473","KFS3473-PERSON","Y"
"PERSON","KFS3474","KFS3474-PERSON","Y"
"PERSON","KFS3475","KFS3475-PERSON","Y"
"PERSON","KFS3476","KFS3476-PERSON","Y"
"PERSON","KFS3477","KFS3477-PERSON","Y"
"PERSON","KFS3478","KFS3478-PERSON","Y"
"PERSON","KFS3479","KFS3479-PERSON","Y"
"PERSON","KFS3480","KFS3480-PERSON","Y"
"PERSON","KFS3481","KFS3481-PERSON","Y"
"PERSON","KFS3482","KFS3482-PERSON","Y"
"PERSON","KFS3483","KFS3483-PERSON","Y"
"PERSON","KFS3484","KFS3484-PERSON","Y"
"PERSON","KFS3485","KFS3485-PERSON","Y"
"PERSON","KFS3486","KFS3486-PERSON","Y"
"PERSON","KFS3487","KFS3487-PERSON","Y"
"PERSON","KFS3488","KFS3488-PERSON","Y"
"PERSON","KFS3489","KFS3489-PERSON","Y"
"PERSON","KFS3490","KFS3490-PERSON","Y"
"PERSON","KFS3491","KFS3491-PERSON","Y"
"PERSON","KFS3492","KFS3492-PERSON","Y"
"PERSON","KFS3493","KFS3493-PERSON","Y"
"PERSON","KFS3494","KFS3494-PERSON","Y"
"PERSON","KFS3495","KFS3495-PERSON","Y"
"PERSON","KFS3496","KFS3496-PERSON","Y"
"PERSON","KFS3497","KFS3497-PERSON","Y"
"PERSON","KFS3498","KFS3498-PERSON","Y"
"PERSON","KFS3499","KFS3499-PERSON","Y"
"PERSON","KFS3500","KFS3500-PERSON","Y"
"PERSON","KFS3501","KFS3501-PERSON","Y"
"PERSON","KFS3502","KFS3502-PERSON","Y"
"PERSON","KFS3503","KFS3503-PERSON","Y"
"PERSON","KFS3504","KFS3504-PERSON","Y"
"PERSON","KFS3505","KFS3505-PERSON","Y"
"PERSON","KFS3506","KFS3506-PERSON","Y"
"PERSON","KFS3507","KFS3507-PERSON","Y"
"PERSON","KFS3508","KFS3508-PERSON","Y"
"PERSON","KFS3509","KFS3509-PERSON","Y"
"PERSON","KFS3510","KFS3510-PERSON","Y"
"PERSON","KFS3511","KFS3511-PERSON","Y"
"PERSON","KFS3512","KFS3512-PERSON","Y"
"PERSON","KFS3513","KFS3513-PERSON","Y"
"PERSON","KFS3514","KFS3514-PERSON","Y"
"PERSON","KFS3515","KFS3515-PERSON","Y"
"PERSON","KFS3516","KFS3516-PERSON","Y"
"PERSON","KFS3517","KFS3517-PERSON","Y"
"PERSON","KFS3518","KFS3518-PERSON","Y"
"PERSON","KFS3519","KFS3519-PERSON","Y"
"PERSON","KFS3520","KFS3520-PERSON","Y"
"PERSON","KFS3521","KFS3521-PERSON","Y"
"PERSON","KFS3522","KFS3522-PERSON","Y"
"PERSON","KFS3523","KFS3523-PERSON","Y"
"PERSON","KFS3524","KFS3524-PERSON","Y"
"PERSON","KFS3525","KFS3525-PERSON","Y"
"PERSON","KFS3526","KFS3526-PERSON","Y"
"PERSON","KFS3527","KFS3527-PERSON","Y"
"PERSON","KFS3528","KFS3528-PERSON","Y"
"PERSON","KFS3529","KFS3529-PERSON","Y"
"PERSON","KFS3530","KFS3530-PERSON","Y"
"PERSON","KFS3531","KFS3531-PERSON","Y"
"PERSON","KFS3532","KFS3532-PERSON","Y"
"PERSON","KFS3533","KFS3533-PERSON","Y"
"PERSON","KFS3534","KFS3534-PERSON","Y"
"PERSON","KFS3535","KFS3535-PERSON","Y"
"PERSON","KFS3536","KFS3536-PERSON","Y"
"PERSON","KFS3537","KFS3537-PERSON","Y"
"PERSON","KFS3538","KFS3538-PERSON","Y"
"PERSON","KFS3539","KFS3539-PERSON","Y"
"PERSON","KFS3540","KFS3540-PERSON","Y"
"PERSON","KFS3541","KFS3541-PERSON","Y"
"PERSON","KFS3542","KFS3542-PERSON","Y"
"PERSON","KFS3543","KFS3543-PERSON","Y"
"PERSON","KFS3544","KFS3544-PERSON","Y"
"PERSON","KFS3545","KFS3545-PERSON","Y"
"PERSON","KFS3546","KFS3546-PERSON","Y"
"PERSON","KFS3547","KFS3547-PERSON","Y"
"PERSON","KFS3548","KFS3548-PERSON","Y"
"PERSON","KFS3549","KFS3549-PERSON","Y"
"PERSON","KFS3550","KFS3550-PERSON","Y"
"PERSON","KFS3551","KFS3551-PERSON","Y"
"PERSON","KFS3552","KFS3552-PERSON","Y"
"PERSON","KFS3553","KFS3553-PERSON","Y"
"PERSON","KFS3554","KFS3554-PERSON","Y"
"PERSON","KFS3555","KFS3555-PERSON","Y"
"PERSON","KFS3556","KFS3556-PERSON","Y"
"PERSON","KFS3557","KFS3557-PERSON","Y"
"PERSON","KFS3558","KFS3558-PERSON","Y"
"PERSON","KFS3559","KFS3559-PERSON","Y"
"PERSON","KFS3560","KFS3560-PERSON","Y"
"PERSON","KFS3561","KFS3561-PERSON","Y"
"PERSON","KFS3562","KFS3562-PERSON","Y"
"PERSON","KFS3563","KFS3563-PERSON","Y"
"PERSON","KFS3564","KFS3564-PERSON","Y"
"PERSON","KFS3565","KFS3565-PERSON","Y"
"PERSON","KFS3566","KFS3566-PERSON","Y"
"PERSON","KFS3567","KFS3567-PERSON","Y"
"PERSON","KFS3568","KFS3568-PERSON","Y"
"PERSON","KFS3569","KFS3569-PERSON","Y"
"PERSON","KFS3570","KFS3570-PERSON","Y"
"PERSON","KFS3571","KFS3571-PERSON","Y"
"PERSON","KFS3572","KFS3572-PERSON","Y"
"PERSON","KFS3573","KFS3573-PERSON","Y"
"PERSON","KFS3574","KFS3574-PERSON","Y"
"PERSON","KFS3575","KFS3575-PERSON","Y"
"PERSON","KFS3576","KFS3576-PERSON","Y"
"PERSON","KFS3577","KFS3577-PERSON","Y"
"PERSON","KFS3578","KFS3578-PERSON","Y"
"PERSON","KFS3579","KFS3579-PERSON","Y"
"PERSON","KFS3580","KFS3580-PERSON","Y"
"PERSON","KFS3581","KFS3581-PERSON","Y"
"PERSON","KFS3582","KFS3582-PERSON","Y"
"PERSON","KFS3583","KFS3583-PERSON","Y"
"PERSON","KFS3584","KFS3584-PERSON","Y"
"PERSON","KFS3585","KFS3585-PERSON","Y"
"PERSON","KFS3586","KFS3586-PERSON","Y"
"PERSON","KFS3587","KFS3587-PERSON","Y"
"PERSON","KFS3588","KFS3588-PERSON","Y"
"PERSON","KFS3589","KFS3589-PERSON","Y"
"PERSON","KFS3590","KFS3590-PERSON","Y"
"PERSON","KFS3591","KFS3591-PERSON","Y"
"PERSON","KFS3592","KFS3592-PERSON","Y"
"PERSON","KFS3593","KFS3593-PERSON","Y"
"PERSON","KFS3594","KFS3594-PERSON","Y"
"PERSON","KFS3595","KFS3595-PERSON","Y"
"PERSON","KFS3596","KFS3596-PERSON","Y"
"PERSON","KFS3597","KFS3597-PERSON","Y"
"PERSON","KFS3598","KFS3598-PERSON","Y"
"PERSON","KFS3599","KFS3599-PERSON","Y"
"PERSON","KFS3600","KFS3600-PERSON","Y"
"PERSON","KFS3601","KFS3601-PERSON","Y"
"PERSON","KFS3602","KFS3602-PERSON","Y"
"PERSON","KFS3603","KFS3603-PERSON","Y"
"PERSON","KFS3604","KFS3604-PERSON","Y"
"PERSON","KFS3605","KFS3605-PERSON","Y"
"PERSON","KFS3606","KFS3606-PERSON","Y"
"PERSON","KFS3607","KFS3607-PERSON","Y"
"PERSON","KFS3608","KFS3608-PERSON","Y"
"PERSON","KFS3609","KFS3609-PERSON","Y"
"PERSON","KFS3610","KFS3610-PERSON","Y"
"PERSON","KFS3611","KFS3611-PERSON","Y"
"PERSON","KFS3612","KFS3612-PERSON","Y"
"PERSON","KFS3613","KFS3613-PERSON","Y"
"PERSON","KFS3614","KFS3614-PERSON","Y"
"PERSON","KFS3615","KFS3615-PERSON","Y"
"PERSON","KFS3616","KFS3616-PERSON","Y"
"PERSON","KFS3617","KFS3617-PERSON","Y"
"PERSON","KFS3618","KFS3618-PERSON","Y"
"PERSON","KFS3619","KFS3619-PERSON","Y"
"PERSON","KFS3620","KFS3620-PERSON","Y"
"PERSON","KFS3621","KFS3621-PERSON","Y"
"PERSON","KFS3622","KFS3622-PERSON","Y"
"PERSON","KFS3623","KFS3623-PERSON","Y"
"PERSON","KFS3624","KFS3624-PERSON","Y"
"PERSON","KFS3625","KFS3625-PERSON","Y"
"PERSON","KFS3626","KFS3626-PERSON","Y"
"PERSON","KFS3627","KFS3627-PERSON","Y"
"PERSON","KFS3628","KFS3628-PERSON","Y"
"PERSON","KFS3629","KFS3629-PERSON","Y"
"PERSON","KFS3630","KFS3630-PERSON","Y"
"PERSON","KFS3631","KFS3631-PERSON","Y"
"PERSON","KFS3632","KFS3632-PERSON","Y"
"PERSON","KFS3633","KFS3633-PERSON","Y"
"PERSON","KFS3634","KFS3634-PERSON","Y"
"PERSON","KFS3635","KFS3635-PERSON","Y"
"PERSON","KFS3636","KFS3636-PERSON","Y"
"PERSON","KFS3637","KFS3637-PERSON","Y"
"PERSON","KFS3638","KFS3638-PERSON","Y"
"PERSON","KFS3639","KFS3639-PERSON","Y"
"PERSON","KFS3640","KFS3640-PERSON","Y"
"PERSON","KFS3641","KFS3641-PERSON","Y"
"PERSON","KFS3642","KFS3642-PERSON","Y"
"PERSON","KFS3643","KFS3643-PERSON","Y"
"PERSON","KFS3644","KFS3644-PERSON","Y"
"PERSON","KFS3645","KFS3645-PERSON","Y"
"PERSON","KFS3646","KFS3646-PERSON","Y"
"PERSON","KFS3647","KFS3647-PERSON","Y"
"PERSON","KFS3648","KFS3648-PERSON","Y"
"PERSON","KFS3649","KFS3649-PERSON","Y"
"PERSON","KFS3650","KFS3650-PERSON","Y"
"PERSON","KFS3651","KFS3651-PERSON","Y"
"PERSON","KFS3652","KFS3652-PERSON","Y"
"PERSON","KFS3653","KFS3653-PERSON","Y"
"PERSON","KFS3654","KFS3654-PERSON","Y"
"PERSON","KFS3655","KFS3655-PERSON","Y"
"PERSON","KFS3656","KFS3656-PERSON","Y"
"PERSON","KFS3657","KFS3657-PERSON","Y"
"PERSON","KFS3658","KFS3658-PERSON","Y"
"PERSON","KFS3659","KFS3659-PERSON","Y"
"PERSON","KFS3660","KFS3660-PERSON","Y"
"PERSON","KFS3661","KFS3661-PERSON","Y"
"PERSON","KFS3662","KFS3662-PERSON","Y"
"PERSON","KFS3663","KFS3663-PERSON","Y"
"PERSON","KFS3664","KFS3664-PERSON","Y"
"PERSON","KFS3665","KFS3665-PERSON","Y"
"PERSON","KFS3666","KFS3666-PERSON","Y"
"PERSON","KFS3667","KFS3667-PERSON","Y"
"PERSON","KFS3668","KFS3668-PERSON","Y"
"PERSON","KFS3669","KFS3669-PERSON","Y"
"PERSON","KFS3670","KFS3670-PERSON","Y"
"PERSON","KFS3671","KFS3671-PERSON","Y"
"PERSON","KFS3672","KFS3672-PERSON","Y"
"PERSON","KFS3673","KFS3673-PERSON","Y"
"PERSON","KFS3674","KFS3674-PERSON","Y"
"PERSON","KFS3675","KFS3675-PERSON","Y"
"PERSON","KFS3676","KFS3676-PERSON","Y"
"PERSON","KFS3677","KFS3677-PERSON","Y"
"PERSON","KFS3678","KFS3678-PERSON","Y"
"PERSON","KFS3679","KFS3679-PERSON","Y"
"PERSON","KFS3680","KFS3680-PERSON","Y"
"PERSON","KFS3681","KFS3681-PERSON","Y"
"PERSON","KFS3682","KFS3682-PERSON","Y"
"PERSON","KFS3683","KFS3683-PERSON","Y"
"PERSON","KFS3684","KFS3684-PERSON","Y"
"PERSON","KFS3685","KFS3685-PERSON","Y"
"PERSON","KFS3686","KFS3686-PERSON","Y"
"PERSON","KFS3687","KFS3687-PERSON","Y"
"PERSON","KFS3688","KFS3688-PERSON","Y"
"PERSON","KFS3689","KFS3689-PERSON","Y"
"PERSON","KFS3690","KFS3690-PERSON","Y"
"PERSON","KFS3691","KFS3691-PERSON","Y"
"PERSON","KFS3692","KFS3692-PERSON","Y"
"PERSON","KFS3693","KFS3693-PERSON","Y"
"PERSON","KFS3694","KFS3694-PERSON","Y"
"PERSON","KFS3695","KFS3695-PERSON","Y"
"PERSON","KFS3696","KFS3696-PERSON","Y"
"PERSON","KFS3697","KFS3697-PERSON","Y"
"PERSON","KFS3698","KFS3698-PERSON","Y"
"PERSON","KFS3699","KFS3699-PERSON","Y"
"PERSON","KFS3700","KFS3700-PERSON","Y"
"PERSON","KFS3701","KFS3701-PERSON","Y"
"PERSON","KFS3702","KFS3702-PERSON","Y"
"PERSON","KFS3703","KFS3703-PERSON","Y"
"PERSON","KFS3704","KFS3704-PERSON","Y"
"PERSON","KFS3705","KFS3705-PERSON","Y"
"PERSON","KFS3706","KFS3706-PERSON","Y"
"PERSON","KFS3707","KFS3707-PERSON","Y"
"PERSON","KFS3708","KFS3708-PERSON","Y"
"PERSON","KFS3709","KFS3709-PERSON","Y"
"PERSON","KFS3710","KFS3710-PERSON","Y"
"PERSON","KFS3711","KFS3711-PERSON","Y"
"PERSON","KFS3712","KFS3712-PERSON","Y"
"PERSON","KFS3713","KFS3713-PERSON","Y"
"PERSON","KFS3714","KFS3714-PERSON","Y"
"PERSON","KFS3715","KFS3715-PERSON","Y"
"PERSON","KFS3716","KFS3716-PERSON","Y"
"PERSON","KFS3717","KFS3717-PERSON","Y"
"PERSON","KFS3718","KFS3718-PERSON","Y"
"PERSON","KFS3719","KFS3719-PERSON","Y"
"PERSON","KFS3720","KFS3720-PERSON","Y"
"PERSON","KFS3721","KFS3721-PERSON","Y"
"PERSON","KFS3722","KFS3722-PERSON","Y"
"PERSON","KFS3723","KFS3723-PERSON","Y"
"PERSON","KFS3724","KFS3724-PERSON","Y"
"PERSON","KFS3725","KFS3725-PERSON","Y"
"PERSON","KFS3726","KFS3726-PERSON","Y"
"PERSON","KFS3727","KFS3727-PERSON","Y"
"PERSON","KFS3728","KFS3728-PERSON","Y"
"PERSON","KFS3729","KFS3729-PERSON","Y"
"PERSON","KFS3730","KFS3730-PERSON","Y"
"PERSON","KFS3731","KFS3731-PERSON","Y"
"PERSON","KFS3732","KFS3732-PERSON","Y"
"PERSON","KFS3733","KFS3733-PERSON","Y"
"PERSON","KFS3734","KFS3734-PERSON","Y"
"PERSON","KFS3735","KFS3735-PERSON","Y"
"PERSON","KFS3736","KFS3736-PERSON","Y"
"PERSON","KFS3737","KFS3737-PERSON","Y"
"PERSON","KFS3738","KFS3738-PERSON","Y"
"PERSON","KFS3739","KFS3739-PERSON","Y"
"PERSON","KFS3740","KFS3740-PERSON","Y"
"PERSON","KFS3741","KFS3741-PERSON","Y"
"PERSON","KFS3742","KFS3742-PERSON","Y"
"PERSON","KFS3743","KFS3743-PERSON","Y"
"PERSON","KFS3744","KFS3744-PERSON","Y"
"PERSON","KFS3745","KFS3745-PERSON","Y"
"PERSON","KFS3746","KFS3746-PERSON","Y"
"PERSON","KFS3747","KFS3747-PERSON","Y"
"PERSON","KFS3748","KFS3748-PERSON","Y"
"PERSON","KFS3749","KFS3749-PERSON","Y"
"PERSON","KFS3750","KFS3750-PERSON","Y"
"PERSON","KFS3751","KFS3751-PERSON","Y"
"PERSON","KFS3752","KFS3752-PERSON","Y"
"PERSON","KFS3753","KFS3753-PERSON","Y"
"PERSON","KFS3754","KFS3754-PERSON","Y"
"PERSON","KFS3755","KFS3755-PERSON","Y"
"PERSON","KFS3756","KFS3756-PERSON","Y"
"PERSON","KFS3757","KFS3757-PERSON","Y"
"PERSON","KFS3758","KFS3758-PERSON","Y"
"PERSON","KFS3759","KFS3759-PERSON","Y"
"PERSON","KFS3760","KFS3760-PERSON","Y"
"PERSON","KFS3761","KFS3761-PERSON","Y"
"PERSON","KFS3762","KFS3762-PERSON","Y"
"PERSON","KFS3763","KFS3763-PERSON","Y"
"PERSON","KFS3764","KFS3764-PERSON","Y"
"PERSON","KFS3765","KFS3765-PERSON","Y"
"PERSON","KFS3766","KFS3766-PERSON","Y"
"PERSON","KFS3767","KFS3767-PERSON","Y"
"PERSON","KFS3768","KFS3768-PERSON","Y"
"PERSON","KFS3769","KFS3769-PERSON","Y"
"PERSON","KFS3770","KFS3770-PERSON","Y"
"PERSON","KFS3771","KFS3771-PERSON","Y"
"PERSON","KFS3772","KFS3772-PERSON","Y"
"PERSON","KFS3773","KFS3773-PERSON","Y"
"PERSON","KFS3774","KFS3774-PERSON","Y"
"PERSON","KFS3775","KFS3775-PERSON","Y"
"PERSON","KFS3776","KFS3776-PERSON","Y"
"PERSON","KFS3777","KFS3777-PERSON","Y"
"PERSON","KFS3778","KFS3778-PERSON","Y"
"PERSON","KFS3779","KFS3779-PERSON","Y"
"PERSON","KFS3780","KFS3780-PERSON","Y"
"PERSON","KFS3781","KFS3781-PERSON","Y"
"PERSON","KFS3782","KFS3782-PERSON","Y"
"PERSON","KFS3783","KFS3783-PERSON","Y"
"PERSON","KFS3784","KFS3784-PERSON","Y"
"PERSON","KFS3785","KFS3785-PERSON","Y"
"PERSON","KFS3786","KFS3786-PERSON","Y"
"PERSON","KFS3787","KFS3787-PERSON","Y"
"PERSON","KFS3788","KFS3788-PERSON","Y"
"PERSON","KFS3789","KFS3789-PERSON","Y"
"PERSON","KFS3790","KFS3790-PERSON","Y"
"PERSON","KFS3791","KFS3791-PERSON","Y"
"PERSON","KFS3792","KFS3792-PERSON","Y"
"PERSON","KFS3793","KFS3793-PERSON","Y"
"PERSON","KFS3794","KFS3794-PERSON","Y"
"PERSON","KFS3795","KFS3795-PERSON","Y"
"PERSON","KFS3796","KFS3796-PERSON","Y"
"PERSON","KFS3797","KFS3797-PERSON","Y"
"PERSON","KFS3798","KFS3798-PERSON","Y"
"PERSON","KFS3799","KFS3799-PERSON","Y"
"PERSON","KFS3800","KFS3800-PERSON","Y"
"PERSON","KFS3801","KFS3801-PERSON","Y"
"PERSON","KFS3802","KFS3802-PERSON","Y"
"PERSON","KFS3803","KFS3803-PERSON","Y"
"PERSON","KFS3804","KFS3804-PERSON","Y"
"PERSON","KFS3805","KFS3805-PERSON","Y"
"PERSON","KFS3806","KFS3806-PERSON","Y"
"PERSON","KFS3807","KFS3807-PERSON","Y"
"PERSON","KFS3808","KFS3808-PERSON","Y"
"PERSON","KFS3809","KFS3809-PERSON","Y"
"PERSON","KFS3810","KFS3810-PERSON","Y"
"PERSON","KFS3811","KFS3811-PERSON","Y"
"PERSON","KFS3812","KFS3812-PERSON","Y"
"PERSON","KFS3813","KFS3813-PERSON","Y"
"PERSON","KFS3814","KFS3814-PERSON","Y"
"PERSON","KFS3815","KFS3815-PERSON","Y"
"PERSON","KFS3816","KFS3816-PERSON","Y"
"PERSON","KFS3817","KFS3817-PERSON","Y"
"PERSON","KFS3818","KFS3818-PERSON","Y"
"PERSON","KFS3819","KFS3819-PERSON","Y"
"PERSON","KFS3820","KFS3820-PERSON","Y"
"PERSON","KFS3821","KFS3821-PERSON","Y"
"PERSON","KFS3822","KFS3822-PERSON","Y"
"PERSON","KFS3823","KFS3823-PERSON","Y"
"PERSON","KFS3824","KFS3824-PERSON","Y"
"PERSON","KFS3825","KFS3825-PERSON","Y"
"PERSON","KFS3826","KFS3826-PERSON","Y"
"PERSON","KFS3827","KFS3827-PERSON","Y"
"PERSON","KFS3828","KFS3828-PERSON","Y"
"PERSON","KFS3829","KFS3829-PERSON","Y"
"PERSON","KFS3830","KFS3830-PERSON","Y"
"PERSON","KFS3831","KFS3831-PERSON","Y"
"PERSON","KFS3832","KFS3832-PERSON","Y"
"PERSON","KFS3833","KFS3833-PERSON","Y"
"PERSON","KFS3834","KFS3834-PERSON","Y"
"PERSON","KFS3835","KFS3835-PERSON","Y"
"PERSON","KFS3836","KFS3836-PERSON","Y"
"PERSON","KFS3837","KFS3837-PERSON","Y"
"PERSON","KFS3838","KFS3838-PERSON","Y"
"PERSON","KFS3839","KFS3839-PERSON","Y"
"PERSON","KFS3840","KFS3840-PERSON","Y"
"PERSON","KFS3841","KFS3841-PERSON","Y"
"PERSON","KFS3842","KFS3842-PERSON","Y"
"PERSON","KFS3843","KFS3843-PERSON","Y"
"PERSON","KFS3844","KFS3844-PERSON","Y"
"PERSON","KFS3845","KFS3845-PERSON","Y"
"PERSON","KFS3846","KFS3846-PERSON","Y"
"PERSON","KFS3847","KFS3847-PERSON","Y"
"PERSON","KFS3848","KFS3848-PERSON","Y"
"PERSON","KFS3849","KFS3849-PERSON","Y"
"PERSON","KFS3850","KFS3850-PERSON","Y"
"PERSON","KFS3851","KFS3851-PERSON","Y"
"PERSON","KFS3852","KFS3852-PERSON","Y"
"PERSON","KFS3853","KFS3853-PERSON","Y"
"PERSON","KFS3854","KFS3854-PERSON","Y"
"PERSON","KFS3855","KFS3855-PERSON","Y"
"PERSON","KFS3856","KFS3856-PERSON","Y"
"PERSON","KFS3857","KFS3857-PERSON","Y"
"PERSON","KFS3858","KFS3858-PERSON","Y"
"PERSON","KFS3859","KFS3859-PERSON","Y"
"PERSON","KFS3860","KFS3860-PERSON","Y"
"PERSON","KFS3861","KFS3861-PERSON","Y"
"PERSON","KFS3862","KFS3862-PERSON","Y"
"PERSON","KFS3863","KFS3863-PERSON","Y"
"PERSON","KFS3864","KFS3864-PERSON","Y"
"PERSON","KFS3865","KFS3865-PERSON","Y"
"PERSON","KFS3866","KFS3866-PERSON","Y"
"PERSON","KFS3867","KFS3867-PERSON","Y"
"PERSON","KFS3868","KFS3868-PERSON","Y"
"PERSON","KFS3869","KFS3869-PERSON","Y"
"PERSON","KFS3870","KFS3870-PERSON","Y"
"PERSON","KFS3871","KFS3871-PERSON","Y"
"PERSON","KFS3872","KFS3872-PERSON","Y"
"PERSON","KFS3873","KFS3873-PERSON","Y"
"PERSON","KFS3874","KFS3874-PERSON","Y"
"PERSON","KFS3875","KFS3875-PERSON","Y"
"PERSON","KFS3876","KFS3876-PERSON","Y"
"PERSON","KFS3877","KFS3877-PERSON","Y"
"PERSON","KFS3878","KFS3878-PERSON","Y"
"PERSON","KFS3879","KFS3879-PERSON","Y"
"PERSON","KFS3880","KFS3880-PERSON","Y"
"PERSON","KFS3881","KFS3881-PERSON","Y"
"PERSON","KFS3882","KFS3882-PERSON","Y"
"PERSON","KFS3883","KFS3883-PERSON","Y"
"PERSON","KFS3884","KFS3884-PERSON","Y"
"PERSON","KFS3885","KFS3885-PERSON","Y"
"PERSON","KFS3886","KFS3886-PERSON","Y"
"PERSON","KFS3887","KFS3887-PERSON","Y"
"PERSON","KFS3888","KFS3888-PERSON","Y"
"PERSON","KFS3889","KFS3889-PERSON","Y"
"PERSON","KFS3890","KFS3890-PERSON","Y"
"PERSON","KFS3891","KFS3891-PERSON","Y"
"PERSON","KFS3892","KFS3892-PERSON","Y"
"PERSON","KFS3893","KFS3893-PERSON","Y"
"PERSON","KFS3894","KFS3894-PERSON","Y"
"PERSON","KFS3895","KFS3895-PERSON","Y"
"PERSON","KFS3896","KFS3896-PERSON","Y"
"PERSON","KFS3897","KFS3897-PERSON","Y"
"PERSON","KFS3898","KFS3898-PERSON","Y"
"PERSON","KFS3899","KFS3899-PERSON","Y"
"PERSON","KFS3900","KFS3900-PERSON","Y"
"PERSON","KFS3901","KFS3901-PERSON","Y"
"PERSON","KFS3902","KFS3902-PERSON","Y"
"PERSON","KFS3903","KFS3903-PERSON","Y"
"PERSON","KFS3904","KFS3904-PERSON","Y"
"PERSON","KFS3905","KFS3905-PERSON","Y"
"PERSON","KFS3906","KFS3906-PERSON","Y"
"PERSON","KFS3907","KFS3907-PERSON","Y"
"PERSON","KFS3908","KFS3908-PERSON","Y"
"PERSON","KFS3909","KFS3909-PERSON","Y"
"PERSON","KFS3910","KFS3910-PERSON","Y"
"PERSON","KFS3911","KFS3911-PERSON","Y"
"PERSON","KFS3912","KFS3912-PERSON","Y"
"PERSON","KFS3913","KFS3913-PERSON","Y"
"PERSON","KFS3914","KFS3914-PERSON","Y"
"PERSON","KFS3915","KFS3915-PERSON","Y"
"PERSON","KFS3916","KFS3916-PERSON","Y"
"PERSON","KFS3917","KFS3917-PERSON","Y"
"PERSON","KFS3918","KFS3918-PERSON","Y"
"PERSON","KFS3919","KFS3919-PERSON","Y"
"PERSON","KFS3920","KFS3920-PERSON","Y"
"PERSON","KFS3921","KFS3921-PERSON","Y"
"PERSON","KFS3922","KFS3922-PERSON","Y"
"PERSON","KFS3923","KFS3923-PERSON","Y"
"PERSON","KFS3924","KFS3924-PERSON","Y"
"PERSON","KFS3925","KFS3925-PERSON","Y"
"PERSON","KFS3926","KFS3926-PERSON","Y"
"PERSON","KFS3927","KFS3927-PERSON","Y"
"PERSON","KFS3928","KFS3928-PERSON","Y"
"PERSON","KFS3929","KFS3929-PERSON","Y"
"PERSON","KFS3930","KFS3930-PERSON","Y"
"PERSON","KFS3931","KFS3931-PERSON","Y"
"PERSON","KFS3932","KFS3932-PERSON","Y"
"PERSON","KFS3933","KFS3933-PERSON","Y"
"PERSON","KFS3934","KFS3934-PERSON","Y"
"PERSON","KFS3935","KFS3935-PERSON","Y"
"PERSON","KFS3936","KFS3936-PERSON","Y"
"PERSON","KFS3937","KFS3937-PERSON","Y"
"PERSON","KFS3938","KFS3938-PERSON","Y"
"PERSON","KFS3939","KFS3939-PERSON","Y"
"PERSON","KFS3940","KFS3940-PERSON","Y"
"PERSON","KFS3941","KFS3941-PERSON","Y"
"PERSON","KFS3942","KFS3942-PERSON","Y"
"PERSON","KFS3943","KFS3943-PERSON","Y"
"PERSON","KFS3944","KFS3944-PERSON","Y"
"PERSON","KFS3945","KFS3945-PERSON","Y"
"PERSON","KFS3946","KFS3946-PERSON","Y"
"PERSON","KFS3947","KFS3947-PERSON","Y"
"PERSON","KFS3948","KFS3948-PERSON","Y"
"PERSON","KFS3949","KFS3949-PERSON","Y"
"PERSON","KFS3950","KFS3950-PERSON","Y"
"PERSON","KFS3951","KFS3951-PERSON","Y"
"PERSON","KFS3952","KFS3952-PERSON","Y"
"PERSON","KFS3953","KFS3953-PERSON","Y"
"PERSON","KFS3954","KFS3954-PERSON","Y"
"PERSON","KFS3955","KFS3955-PERSON","Y"
"PERSON","KFS3956","KFS3956-PERSON","Y"
"PERSON","KFS3957","KFS3957-PERSON","Y"
"PERSON","KFS3958","KFS3958-PERSON","Y"
"PERSON","KFS3959","KFS3959-PERSON","Y"
"PERSON","KFS3960","KFS3960-PERSON","Y"
"PERSON","KFS3961","KFS3961-PERSON","Y"
"PERSON","KFS3962","KFS3962-PERSON","Y"
"PERSON","KFS3963","KFS3963-PERSON","Y"
"PERSON","KFS3964","KFS3964-PERSON","Y"
"PERSON","KFS3965","KFS3965-PERSON","Y"
"PERSON","KFS3966","KFS3966-PERSON","Y"
"PERSON","KFS3967","KFS3967-PERSON","Y"
"PERSON","KFS3968","KFS3968-PERSON","Y"
"PERSON","KFS3969","KFS3969-PERSON","Y"
"PERSON","KFS3970","KFS3970-PERSON","Y"
"PERSON","KFS3971","KFS3971-PERSON","Y"
"PERSON","KFS3972","KFS3972-PERSON","Y"
"PERSON","KFS3973","KFS3973-PERSON","Y"
"PERSON","KFS3974","KFS3974-PERSON","Y"
"PERSON","KFS3975","KFS3975-PERSON","Y"
"PERSON","KFS3976","KFS3976-PERSON","Y"
"PERSON","KFS3977","KFS3977-PERSON","Y"
"PERSON","KFS3978","KFS3978-PERSON","Y"
"PERSON","KFS3979","KFS3979-PERSON","Y"
"PERSON","KFS3980","KFS3980-PERSON","Y"
"PERSON","KFS3981","KFS3981-PERSON","Y"
"PERSON","KFS3982","KFS3982-PERSON","Y"
"PERSON","KFS3983","KFS3983-PERSON","Y"
"PERSON","KFS3984","KFS3984-PERSON","Y"
"PERSON","KFS3985","KFS3985-PERSON","Y"
"PERSON","KFS3986","KFS3986-PERSON","Y"
"PERSON","KFS3987","KFS3987-PERSON","Y"
"PERSON","KFS3988","KFS3988-PERSON","Y"
"PERSON","KFS3989","KFS3989-PERSON","Y"
"PERSON","KFS3990","KFS3990-PERSON","Y"
"PERSON","KFS3991","KFS3991-PERSON","Y"
"PERSON","KFS3992","KFS3992-PERSON","Y"
"PERSON","KFS3993","KFS3993-PERSON","Y"
"PERSON","KFS3994","KFS3994-PERSON","Y"
"PERSON","KFS3995","KFS3995-PERSON","Y"
"PERSON","KFS3996","KFS3996-PERSON","Y"
"PERSON","KFS3997","KFS3997-PERSON","Y"
"PERSON","KFS3998","KFS3998-PERSON","Y"
"PERSON","KFS3999","KFS3999-PERSON","Y"
"PERSON","KFS4000","KFS4000-PERSON","Y"
"PERSON","KFS4001","KFS4001-PERSON","Y"
"PERSON","KFS4002","KFS4002-PERSON","Y"
"PERSON","KFS4003","KFS4003-PERSON","Y"
"PERSON","KFS4004","KFS4004-PERSON","Y"
"PERSON","KFS4005","KFS4005-PERSON","Y"
"PERSON","KFS4006","KFS4006-PERSON","Y"
"PERSON","KFS4007","KFS4007-PERSON","Y"
"PERSON","KFS4008","KFS4008-PERSON","Y"
"PERSON","KFS4009","KFS4009-PERSON","Y"
"PERSON","KFS4010","KFS4010-PERSON","Y"
"PERSON","KFS4011","KFS4011-PERSON","Y"
"PERSON","KFS4012","KFS4012-PERSON","Y"
"PERSON","KFS4013","KFS4013-PERSON","Y"
"PERSON","KFS4014","KFS4014-PERSON","Y"
"PERSON","KFS4015","KFS4015-PERSON","Y"
"PERSON","KFS4016","KFS4016-PERSON","Y"
"PERSON","KFS4017","KFS4017-PERSON","Y"
"PERSON","KFS4018","KFS4018-PERSON","Y"
"PERSON","KFS4019","KFS4019-PERSON","Y"
"PERSON","KFS4020","KFS4020-PERSON","Y"
"PERSON","KFS4021","KFS4021-PERSON","Y"
"PERSON","KFS4022","KFS4022-PERSON","Y"
"PERSON","KFS4023","KFS4023-PERSON","Y"
"PERSON","KFS4024","KFS4024-PERSON","Y"
"PERSON","KFS4025","KFS4025-PERSON","Y"
"PERSON","KFS4026","KFS4026-PERSON","Y"
"PERSON","KFS4027","KFS4027-PERSON","Y"
"PERSON","KFS4028","KFS4028-PERSON","Y"
"PERSON","KFS4029","KFS4029-PERSON","Y"
"PERSON","KFS4030","KFS4030-PERSON","Y"
"PERSON","KFS4031","KFS4031-PERSON","Y"
"PERSON","KFS4032","KFS4032-PERSON","Y"
"PERSON","KFS4033","KFS4033-PERSON","Y"
"PERSON","KFS4034","KFS4034-PERSON","Y"
"PERSON","KFS4035","KFS4035-PERSON","Y"
"PERSON","KFS4036","KFS4036-PERSON","Y"
"PERSON","KFS4042","KFS4042-PERSON","Y"
"PERSON","KFS4043","KFS4043-PERSON","Y"
"PERSON","KFS4044","KFS4044-PERSON","Y"
"PERSON","KFS4045","KFS4045-PERSON","Y"
"PERSON","KFS4046","KFS4046-PERSON","Y"
"PERSON","KFS4047","KFS4047-PERSON","Y"
"PERSON","KFS4048","KFS4048-PERSON","Y"
"PERSON","KFS4049","KFS4049-PERSON","Y"
"PERSON","KFS4050","KFS4050-PERSON","Y"
"PERSON","KFS4051","KFS4051-PERSON","Y"
"PERSON","KFS4052","KFS4052-PERSON","Y"
"PERSON","KFS4053","KFS4053-PERSON","Y"
"PERSON","KFS4054","KFS4054-PERSON","Y"
"PERSON","KFS4055","KFS4055-PERSON","Y"
"PERSON","KFS4056","KFS4056-PERSON","Y"
"PERSON","KFS4057","KFS4057-PERSON","Y"
"PERSON","KFS4058","KFS4058-PERSON","Y"
"PERSON","KFS4059","KFS4059-PERSON","Y"
"PERSON","KFS4060","KFS4060-PERSON","Y"
"PERSON","KFS4061","KFS4061-PERSON","Y"
"PERSON","KFS4062","KFS4062-PERSON","Y"
"PERSON","KFS4063","KFS4063-PERSON","Y"
"PERSON","KFS4064","KFS4064-PERSON","Y"
"PERSON","KFS4065","KFS4065-PERSON","Y"
"PERSON","KFS4066","KFS4066-PERSON","Y"
"PERSON","KFS4067","KFS4067-PERSON","Y"
"PERSON","KFS4068","KFS4068-PERSON","Y"
"PERSON","KFS4069","KFS4069-PERSON","Y"
"PERSON","KFS4070","KFS4070-PERSON","Y"
"PERSON","KFS4071","KFS4071-PERSON","Y"
"PERSON","KFS4072","KFS4072-PERSON","Y"
"PERSON","KFS4073","KFS4073-PERSON","Y"
"PERSON","KFS4074","KFS4074-PERSON","Y"
"PERSON","KFS4075","KFS4075-PERSON","Y"
"PERSON","KFS4076","KFS4076-PERSON","Y"
"PERSON","KFS4077","KFS4077-PERSON","Y"
"PERSON","KFS4078","KFS4078-PERSON","Y"
"PERSON","KFS4079","KFS4079-PERSON","Y"
"PERSON","KFS4080","KFS4080-PERSON","Y"
"PERSON","KFS4081","KFS4081-PERSON","Y"
"PERSON","KFS4082","KFS4082-PERSON","Y"
"PERSON","KFS4083","KFS4083-PERSON","Y"
"PERSON","KFS4084","KFS4084-PERSON","Y"
"PERSON","KFS4085","KFS4085-PERSON","Y"
"PERSON","KFS4086","KFS4086-PERSON","Y"
"PERSON","KFS4087","KFS4087-PERSON","Y"
"PERSON","KFS4088","KFS4088-PERSON","Y"
"PERSON","KFS4089","KFS4089-PERSON","Y"
"PERSON","KFS4090","KFS4090-PERSON","Y"
"PERSON","KFS4091","KFS4091-PERSON","Y"
"PERSON","KFS4092","KFS4092-PERSON","Y"
"PERSON","KFS4093","KFS4093-PERSON","Y"
"PERSON","KFS4094","KFS4094-PERSON","Y"
"PERSON","KFS4095","KFS4095-PERSON","Y"
"PERSON","KFS4096","KFS4096-PERSON","Y"
"PERSON","KFS4097","KFS4097-PERSON","Y"
"PERSON","KFS4098","KFS4098-PERSON","Y"
"PERSON","KFS4099","KFS4099-PERSON","Y"
"PERSON","KFS4100","KFS4100-PERSON","Y"
"PERSON","KFS4101","KFS4101-PERSON","Y"
"PERSON","KFS4102","KFS4102-PERSON","Y"
"PERSON","KFS4103","KFS4103-PERSON","Y"
"PERSON","KFS4104","KFS4104-PERSON","Y"
"PERSON","KFS4105","KFS4105-PERSON","Y"
"PERSON","KFS4106","KFS4106-PERSON","Y"
"PERSON","KFS4107","KFS4107-PERSON","Y"
"PERSON","KFS4108","KFS4108-PERSON","Y"
"PERSON","KFS4109","KFS4109-PERSON","Y"
"PERSON","KFS4110","KFS4110-PERSON","Y"
"PERSON","KFS4111","KFS4111-PERSON","Y"
"PERSON","KFS4112","KFS4112-PERSON","Y"
"PERSON","KFS4113","KFS4113-PERSON","Y"
"PERSON","KFS4114","KFS4114-PERSON","Y"
"PERSON","KFS4115","KFS4115-PERSON","Y"
"PERSON","KFS4116","KFS4116-PERSON","Y"
