"ENTITY_AFLTN_ID","OBJ_ID","ENTITY_ID","AFLTN_TYP_CD","CAMPUS_CD","DFLT_IND","ACTV_IND"
"KFS1000","KFS1000","KFS1000","STAFF","IN","Y","Y"
"KFS1001","KFS1001","KFS1001","STAFF","BL","Y","Y"
"KFS1002","KFS1002","KFS1002","STAFF","IN","Y","Y"
"KFS1003","KFS1003","KFS1003","STAFF","IN","Y","Y"
"KFS1004","KFS1004","KFS1004","STAFF","IN","Y","Y"
"KFS1005","KFS1005","KFS1005","STAFF","BL","Y","Y"
"KFS1006","KFS1006","KFS1006","STAFF","BL","Y","Y"
"KFS1007","KFS1007","KFS1007","STAFF","BL","Y","Y"
"KFS1008","KFS1008","KFS1008","STAFF","BL","Y","Y"
"KFS1009","KFS1009","KFS1009","STAFF","BL","Y","Y"
"KFS1010","KFS1010","KFS1010","STAFF","BL","Y","Y"
"KFS1011","KFS1011","KFS1011","STAFF","BL","Y","Y"
"KFS1012","KFS1012","KFS1012","STAFF","BL","Y","Y"
"KFS1013","KFS1013","KFS1013","STAFF","BL","Y","Y"
"KFS1014","KFS1014","KFS1014","STAFF","BL","Y","Y"
"KFS1015","KFS1015","KFS1015","STAFF","BL","Y","Y"
"KFS1016","KFS1016","KFS1016","STAFF","BL","Y","Y"
"KFS1017","KFS1017","KFS1017","STAFF","BL","Y","Y"
"KFS1018","KFS1018","KFS1018","STAFF","BL","Y","Y"
"KFS1019","KFS1019","KFS1019","STAFF","BL","Y","Y"
"KFS1020","KFS1020","KFS1020","STAFF","BL","Y","Y"
"KFS1021","KFS1021","KFS1021","STAFF","BL","Y","Y"
"KFS1022","KFS1022","KFS1022","STAFF","BL","Y","Y"
"KFS1023","KFS1023","KFS1023","STAFF","BL","Y","Y"
"KFS1024","KFS1024","KFS1024","STAFF","BL","Y","Y"
"KFS1025","KFS1025","KFS1025","STAFF","BL","Y","Y"
"KFS1026","KFS1026","KFS1026","STAFF","BL","Y","Y"
"KFS1027","KFS1027","KFS1027","STAFF","BL","Y","Y"
"KFS1028","KFS1028","KFS1028","STAFF","BL","Y","Y"
"KFS1029","KFS1029","KFS1029","STAFF","BL","Y","Y"
"KFS1030","KFS1030","KFS1030","STAFF","BL","Y","Y"
"KFS1031","KFS1031","KFS1031","STAFF","BL","Y","Y"
"KFS1032","KFS1032","KFS1032","STAFF","BL","Y","Y"
"KFS1033","KFS1033","KFS1033","STAFF","BL","Y","Y"
"KFS1035","KFS1035","KFS1035","STAFF","BL","Y","Y"
"KFS1036","KFS1036","KFS1036","STAFF","BL","Y","Y"
"KFS1037","KFS1037","KFS1037","STAFF","BL","Y","Y"
"KFS1038","KFS1038","KFS1038","STAFF","BL","Y","Y"
"KFS1039","KFS1039","KFS1039","STAFF","BL","Y","Y"
"KFS1040","KFS1040","KFS1040","STAFF","BL","Y","Y"
"KFS1041","KFS1041","KFS1041","STAFF","BL","Y","Y"
"KFS1042","KFS1042","KFS1042","STAFF","BL","Y","Y"
"KFS1043","KFS1043","KFS1043","STAFF","BL","Y","Y"
"KFS1044","KFS1044","KFS1044","STAFF","BL","Y","Y"
"KFS1045","KFS1045","KFS1045","STAFF","BL","Y","Y"
"KFS1046","KFS1046","KFS1046","STAFF","BL","Y","Y"
"KFS1047","KFS1047","KFS1047","STAFF","BL","Y","Y"
"KFS1048","KFS1048","KFS1048","STAFF","BL","Y","Y"
"KFS1049","KFS1049","KFS1049","STAFF","BL","Y","Y"
"KFS1050","KFS1050","KFS1050","STAFF","BL","Y","Y"
"KFS1052","KFS1052","KFS1052","STAFF","BL","Y","Y"
"KFS1053","KFS1053","KFS1053","STAFF","BL","Y","Y"
"KFS1054","KFS1054","KFS1054","STAFF","BL","Y","Y"
"KFS1055","KFS1055","KFS1055","STAFF","BL","Y","Y"
"KFS1056","KFS1056","KFS1056","STAFF","BL","Y","Y"
"KFS1057","KFS1057","KFS1057","STAFF","BL","Y","Y"
"KFS1058","KFS1058","KFS1058","STAFF","BL","Y","Y"
"KFS1059","KFS1059","KFS1059","STAFF","BL","Y","Y"
"KFS1060","KFS1060","KFS1060","STAFF","BL","Y","Y"
"KFS1061","KFS1061","KFS1061","STAFF","BL","Y","Y"
"KFS1062","KFS1062","KFS1062","STAFF","BL","Y","Y"
"KFS1063","KFS1063","KFS1063","STAFF","BL","Y","Y"
"KFS1064","KFS1064","KFS1064","STAFF","BL","Y","Y"
"KFS1065","KFS1065","KFS1065","STAFF","BL","Y","Y"
"KFS1066","KFS1066","KFS1066","STAFF","BL","Y","Y"
"KFS1067","KFS1067","KFS1067","STAFF","BL","Y","Y"
"KFS1068","KFS1068","KFS1068","STAFF","IN","Y","Y"
"KFS1069","KFS1069","KFS1069","STAFF","BL","Y","Y"
"KFS1070","KFS1070","KFS1070","STAFF","BL","Y","Y"
"KFS1071","KFS1071","KFS1071","STAFF","BL","Y","Y"
"KFS1072","KFS1072","KFS1072","STAFF","BL","Y","Y"
"KFS1073","KFS1073","KFS1073","STAFF","BL","Y","Y"
"KFS1074","KFS1074","KFS1074","STAFF","BL","Y","Y"
"KFS1075","KFS1075","KFS1075","STAFF","BL","Y","Y"
"KFS1076","KFS1076","KFS1076","STAFF","BL","Y","Y"
"KFS1077","KFS1077","KFS1077","STAFF","BL","Y","Y"
"KFS1078","KFS1078","KFS1078","STAFF","BL","Y","Y"
"KFS1079","KFS1079","KFS1079","STAFF","BL","Y","Y"
"KFS1080","KFS1080","KFS1080","STAFF","BL","Y","Y"
"KFS1081","KFS1081","KFS1081","STAFF","BL","Y","Y"
"KFS1082","KFS1082","KFS1082","STAFF","BL","Y","Y"
"KFS1083","KFS1083","KFS1083","STAFF","BL","Y","Y"
"KFS1084","KFS1084","KFS1084","STAFF","BL","Y","Y"
"KFS1085","KFS1085","KFS1085","STAFF","BL","Y","Y"
"KFS1086","KFS1086","KFS1086","STAFF","BL","Y","Y"
"KFS1087","KFS1087","KFS1087","STAFF","BL","Y","Y"
"KFS1088","KFS1088","KFS1088","STAFF","BL","Y","Y"
"KFS1089","KFS1089","KFS1089","STAFF","BL","Y","Y"
"KFS1090","KFS1090","KFS1090","STAFF","BL","Y","Y"
"KFS1091","KFS1091","KFS1091","STAFF","BL","Y","Y"
"KFS1092","KFS1092","KFS1092","STAFF","BL","Y","Y"
"KFS1093","KFS1093","KFS1093","STAFF","BL","Y","Y"
"KFS1094","KFS1094","KFS1094","STAFF","BL","Y","Y"
"KFS1095","KFS1095","KFS1095","STAFF","BL","Y","Y"
"KFS1096","KFS1096","KFS1096","STAFF","BL","Y","Y"
"KFS1097","KFS1097","KFS1097","STAFF","BL","Y","Y"
"KFS1098","KFS1098","KFS1098","STAFF","BL","Y","Y"
"KFS1099","KFS1099","KFS1099","STAFF","BL","Y","Y"
"KFS1100","KFS1100","KFS1100","STAFF","BL","Y","Y"
"KFS1101","KFS1101","KFS1101","STAFF","BL","Y","Y"
"KFS1102","KFS1102","KFS1102","STAFF","BL","Y","Y"
"KFS1103","KFS1103","KFS1103","STAFF","BL","Y","Y"
"KFS1104","KFS1104","KFS1104","STAFF","IN","Y","Y"
"KFS1105","KFS1105","KFS1105","STAFF","IN","Y","Y"
"KFS1106","KFS1106","KFS1106","STAFF","BL","Y","Y"
"KFS1107","KFS1107","KFS1107","STAFF","BL","Y","Y"
"KFS1108","KFS1108","KFS1108","STAFF","BL","Y","Y"
"KFS1109","KFS1109","KFS1109","STAFF","BL","Y","Y"
"KFS1110","KFS1110","KFS1110","STAFF","BL","Y","Y"
"KFS1111","KFS1111","KFS1111","STAFF","BL","Y","Y"
"KFS1112","KFS1112","KFS1112","STAFF","BL","Y","Y"
"KFS1113","KFS1113","KFS1113","STAFF","BL","Y","Y"
"KFS1114","KFS1114","KFS1114","STAFF","BL","Y","Y"
"KFS1115","KFS1115","KFS1115","STAFF","BL","Y","Y"
"KFS1117","KFS1117","KFS1117","STAFF","BL","Y","Y"
"KFS1122","KFS1122","KFS1122","STAFF","BL","Y","Y"
"KFS1123","KFS1123","KFS1123","STAFF","BL","Y","Y"
"KFS1124","KFS1124","KFS1124","STAFF","BL","Y","Y"
"KFS1125","KFS1125","KFS1125","STAFF","BL","Y","Y"
"KFS1137","KFS1137","KFS1137","STAFF","BL","Y","Y"
"KFS1138","KFS1138","KFS1138","STAFF","BL","Y","Y"
"KFS1143","KFS1143","KFS1143","STAFF","BL","Y","Y"
"KFS1146","KFS1146","KFS1146","STAFF","BL","Y","Y"
"KFS1165","KFS1165","KFS1165","STAFF","BL","Y","Y"
"KFS1168","KFS1168","KFS1168","STAFF","BL","Y","Y"
"KFS1172","KFS1172","KFS1172","STAFF","BL","Y","Y"
"KFS1231","KFS1231","KFS1231","STAFF","BL","Y","Y"
"KFS1232","KFS1232","KFS1232","STAFF","BL","Y","Y"
"KFS1264","KFS1264","KFS1264","STAFF","BL","Y","Y"
"KFS1309","KFS1309","KFS1309","STAFF","BL","Y","Y"
"KFS1315","KFS1315","KFS1315","STAFF","BL","Y","Y"
"KFS1334","KFS1334","KFS1334","STAFF","BL","Y","Y"
"KFS1337","KFS1337","KFS1337","STAFF","BL","Y","Y"
"KFS1361","KFS1361","KFS1361","STAFF","IN","Y","Y"
"KFS1399","KFS1399","KFS1399","STAFF","BL","Y","Y"
"KFS1423","KFS1423","KFS1423","STAFF","BL","Y","Y"
"KFS1433","KFS1433","KFS1433","STAFF","BL","Y","Y"
"KFS1438","KFS1438","KFS1438","STAFF","BL","Y","Y"
"KFS1441","KFS1441","KFS1441","STAFF","BL","Y","Y"
"KFS1444","KFS1444","KFS1444","STAFF","BL","Y","Y"
"KFS1453","KFS1453","KFS1453","STAFF","BL","Y","Y"
"KFS1455","KFS1455","KFS1455","STAFF","BL","Y","Y"
"KFS1470","KFS1470","KFS1470","STAFF","BL","Y","Y"
"KFS1482","KFS1482","KFS1482","STAFF","BL","Y","Y"
"KFS1515","KFS1515","KFS1515","STAFF","BL","Y","Y"
"KFS1520","KFS1520","KFS1520","STAFF","BL","Y","Y"
"KFS1525","KFS1525","KFS1525","STAFF","BL","Y","Y"
"KFS1526","KFS1526","KFS1526","STAFF","BL","Y","Y"
"KFS1531","KFS1531","KFS1531","STAFF","BL","Y","Y"
"KFS1545","KFS1545","KFS1545","STAFF","BL","Y","Y"
"KFS1556","KFS1556","KFS1556","STAFF","BL","Y","Y"
"KFS1574","KFS1574","KFS1574","STAFF","BL","Y","Y"
"KFS1586","KFS1586","KFS1586","STAFF","BL","Y","Y"
"KFS1599","KFS1599","KFS1599","STAFF","BL","Y","Y"
"KFS1601","KFS1601","KFS1601","STAFF","BL","Y","Y"
"KFS1603","KFS1603","KFS1603","STAFF","BL","Y","Y"
"KFS1625","KFS1625","KFS1625","STAFF","BL","Y","Y"
"KFS1637","KFS1637","KFS1637","STAFF","BL","Y","Y"
"KFS1638","KFS1638","KFS1638","STAFF","BL","Y","Y"
"KFS1656","KFS1656","KFS1656","STAFF","BL","Y","Y"
"KFS1676","KFS1676","KFS1676","STAFF","BL","Y","Y"
"KFS1686","KFS1686","KFS1686","STAFF","BL","Y","Y"
"KFS1689","KFS1689","KFS1689","STAFF","BL","Y","Y"
"KFS1705","KFS1705","KFS1705","STAFF","BL","Y","Y"
"KFS1717","KFS1717","KFS1717","STAFF","BL","Y","Y"
"KFS1731","KFS1731","KFS1731","STAFF","BL","Y","Y"
"KFS1744","KFS1744","KFS1744","STAFF","BL","Y","Y"
"KFS1747","KFS1747","KFS1747","STAFF","BL","Y","Y"
"KFS1783","KFS1783","KFS1783","STAFF","IN","Y","Y"
"KFS1861","KFS1861","KFS1861","STAFF","BL","Y","Y"
"KFS1864","KFS1864","KFS1864","STAFF","BL","Y","Y"
"KFS1870","KFS1870","KFS1870","STAFF","BL","Y","Y"
"KFS1884","KFS1884","KFS1884","STAFF","BL","Y","Y"
"KFS2018","KFS2018","KFS2018","STAFF","BL","Y","Y"
"KFS2019","KFS2019","KFS2019","STAFF","BL","Y","Y"
"KFS2049","KFS2049","KFS2049","STAFF","BL","Y","Y"
"KFS2053","KFS2053","KFS2053","STAFF","BL","Y","Y"
"KFS2062","KFS2062","KFS2062","STAFF","BL","Y","Y"
"KFS2073","KFS2073","KFS2073","STAFF","BL","Y","Y"
"KFS2075","KFS2075","KFS2075","STAFF","BL","Y","Y"
"KFS2138","KFS2138","KFS2138","STAFF","BL","Y","Y"
"KFS2163","KFS2163","KFS2163","STAFF","BL","Y","Y"
"KFS2204","KFS2204","KFS2204","STAFF","BL","Y","Y"
"KFS2224","KFS2224","KFS2224","STAFF","BL","Y","Y"
"KFS2227","KFS2227","KFS2227","STAFF","BL","Y","Y"
"KFS2230","KFS2230","KFS2230","STAFF","BL","Y","Y"
"KFS2235","KFS2235","KFS2235","STAFF","BL","Y","Y"
"KFS2236","KFS2236","KFS2236","STAFF","BL","Y","Y"
"KFS2247","KFS2247","KFS2247","STAFF","BL","Y","Y"
"KFS2284","KFS2284","KFS2284","STAFF","BL","Y","Y"
"KFS2344","KFS2344","KFS2344","STAFF","BL","Y","Y"
"KFS2369","KFS2369","KFS2369","STAFF","BL","Y","Y"
"KFS2376","KFS2376","KFS2376","STAFF","BL","Y","Y"
"KFS2377","KFS2377","KFS2377","STAFF","BL","Y","Y"
"KFS2382","KFS2382","KFS2382","STAFF","BL","Y","Y"
"KFS2383","KFS2383","KFS2383","STAFF","BL","Y","Y"
"KFS2388","KFS2388","KFS2388","STAFF","BL","Y","Y"
"KFS2389","KFS2389","KFS2389","STAFF","BL","Y","Y"
"KFS2409","KFS2409","KFS2409","STAFF","BL","Y","Y"
"KFS2412","KFS2412","KFS2412","STAFF","BL","Y","Y"
"KFS2492","KFS2492","KFS2492","STAFF","BL","Y","Y"
"KFS2533","KFS2533","KFS2533","STAFF","BL","Y","Y"
"KFS2534","KFS2534","KFS2534","STAFF","BL","Y","Y"
"KFS2535","KFS2535","KFS2535","STAFF","BL","Y","Y"
"KFS2549","KFS2549","KFS2549","STAFF","BL","Y","Y"
"KFS2550","KFS2550","KFS2550","STAFF","BL","Y","Y"
"KFS2552","KFS2552","KFS2552","STAFF","BL","Y","Y"
"KFS2554","KFS2554","KFS2554","STAFF","BL","Y","Y"
"KFS2559","KFS2559","KFS2559","STAFF","BL","Y","Y"
"KFS2566","KFS2566","KFS2566","STAFF","BL","Y","Y"
"KFS2567","KFS2567","KFS2567","STAFF","BL","Y","Y"
"KFS2568","KFS2568","KFS2568","STAFF","BL","Y","Y"
"KFS2578","KFS2578","KFS2578","STAFF","BL","Y","Y"
"KFS2582","KFS2582","KFS2582","STAFF","BL","Y","Y"
"KFS2584","KFS2584","KFS2584","STAFF","BL","Y","Y"
"KFS2587","KFS2587","KFS2587","STAFF","BL","Y","Y"
"KFS2588","KFS2588","KFS2588","STAFF","BL","Y","Y"
"KFS2593","KFS2593","KFS2593","STAFF","BL","Y","Y"
"KFS2594","KFS2594","KFS2594","STAFF","BL","Y","Y"
"KFS2595","KFS2595","KFS2595","STAFF","BL","Y","Y"
"KFS2602","KFS2602","KFS2602","STAFF","BL","Y","Y"
"KFS2606","KFS2606","KFS2606","STAFF","BL","Y","Y"
"KFS2607","KFS2607","KFS2607","STAFF","BL","Y","Y"
"KFS2612","KFS2612","KFS2612","STAFF","BL","Y","Y"
"KFS2616","KFS2616","KFS2616","STAFF","BL","Y","Y"
"KFS2621","KFS2621","KFS2621","STAFF","BL","Y","Y"
"KFS2629","KFS2629","KFS2629","STAFF","BL","Y","Y"
"KFS2631","KFS2631","KFS2631","STAFF","BL","Y","Y"
"KFS2641","KFS2641","KFS2641","STAFF","BL","Y","Y"
"KFS2646","KFS2646","KFS2646","STAFF","BL","Y","Y"
"KFS2648","KFS2648","KFS2648","STAFF","BL","Y","Y"
"KFS2651","KFS2651","KFS2651","STAFF","BL","Y","Y"
"KFS2655","KFS2655","KFS2655","STAFF","BL","Y","Y"
"KFS2656","KFS2656","KFS2656","STAFF","BL","Y","Y"
"KFS2657","KFS2657","KFS2657","STAFF","BL","Y","Y"
"KFS2658","KFS2658","KFS2658","STAFF","BL","Y","Y"
"KFS2659","KFS2659","KFS2659","STAFF","BL","Y","Y"
"KFS2693","KFS2693","KFS2693","STAFF","BL","Y","Y"
"KFS2694","KFS2694","KFS2694","STAFF","BL","Y","Y"
"KFS2695","KFS2695","KFS2695","STAFF","BL","Y","Y"
"KFS2734","KFS2734","KFS2734","STAFF","BL","Y","Y"
"KFS2742","KFS2742","KFS2742","STAFF","BL","Y","Y"
"KFS2743","KFS2743","KFS2743","STAFF","BL","Y","Y"
"KFS2744","KFS2744","KFS2744","STAFF","EA","Y","Y"
"KFS2745","KFS2745","KFS2745","STAFF","BL","Y","Y"
"KFS2746","KFS2746","KFS2746","STAFF","BL","Y","Y"
"KFS2747","KFS2747","KFS2747","STAFF","BL","Y","Y"
"KFS2748","KFS2748","KFS2748","STAFF","BL","Y","Y"
"KFS2749","KFS2749","KFS2749","STAFF","IN","Y","Y"
"KFS2750","KFS2750","KFS2750","STAFF","BL","Y","Y"
"KFS2751","KFS2751","KFS2751","STAFF","NW","Y","Y"
"KFS2752","KFS2752","KFS2752","STAFF","KO","Y","Y"
"KFS2753","KFS2753","KFS2753","STAFF","BL","Y","Y"
"KFS2754","KFS2754","KFS2754","STAFF","SB","Y","Y"
"KFS2755","KFS2755","KFS2755","STAFF","BL","Y","Y"
"KFS2756","KFS2756","KFS2756","STAFF","BL","Y","Y"
"KFS2757","KFS2757","KFS2757","STAFF","EA","Y","Y"
"KFS2758","KFS2758","KFS2758","STAFF","KO","Y","Y"
"KFS2759","KFS2759","KFS2759","STAFF","IN","Y","Y"
"KFS2760","KFS2760","KFS2760","STAFF","BL","Y","Y"
"KFS2761","KFS2761","KFS2761","STAFF","BL","Y","Y"
"KFS2762","KFS2762","KFS2762","STAFF","BL","Y","Y"
"KFS2763","KFS2763","KFS2763","STAFF","IN","Y","Y"
"KFS2764","KFS2764","KFS2764","STAFF","BL","Y","Y"
"KFS2765","KFS2765","KFS2765","STAFF","BL","Y","Y"
"KFS2766","KFS2766","KFS2766","STAFF","IN","Y","Y"
"KFS2767","KFS2767","KFS2767","STAFF","BL","Y","Y"
"KFS2768","KFS2768","KFS2768","STAFF","SB","Y","Y"
"KFS2769","KFS2769","KFS2769","STAFF","SB","Y","Y"
"KFS2770","KFS2770","KFS2770","STAFF","SB","Y","Y"
"KFS2771","KFS2771","KFS2771","STAFF","EA","Y","Y"
"KFS2772","KFS2772","KFS2772","STAFF","BL","Y","Y"
"KFS2773","KFS2773","KFS2773","STAFF","BL","Y","Y"
"KFS2774","KFS2774","KFS2774","STAFF","IN","Y","Y"
"KFS2775","KFS2775","KFS2775","STAFF","BL","Y","Y"
"KFS2776","KFS2776","KFS2776","STAFF","BL","Y","Y"
"KFS2777","KFS2777","KFS2777","STAFF","IN","Y","Y"
"KFS2778","KFS2778","KFS2778","STAFF","BL","Y","Y"
"KFS2779","KFS2779","KFS2779","STAFF","IN","Y","Y"
"KFS2780","KFS2780","KFS2780","STAFF","IN","Y","Y"
"KFS2781","KFS2781","KFS2781","STAFF","IN","Y","Y"
"KFS2782","KFS2782","KFS2782","STAFF","BL","Y","Y"
"KFS2783","KFS2783","KFS2783","STAFF","IN","Y","Y"
"KFS2784","KFS2784","KFS2784","STAFF","SB","Y","Y"
"KFS2785","KFS2785","KFS2785","STAFF","SB","Y","Y"
"KFS2786","KFS2786","KFS2786","STAFF","EA","Y","Y"
"KFS2787","KFS2787","KFS2787","STAFF","IN","Y","Y"
"KFS2788","KFS2788","KFS2788","STAFF","SE","Y","Y"
"KFS2789","KFS2789","KFS2789","STAFF","BL","Y","Y"
"KFS2790","KFS2790","KFS2790","STAFF","BL","Y","Y"
"KFS2791","KFS2791","KFS2791","STAFF","IN","Y","Y"
"KFS2792","KFS2792","KFS2792","STAFF","EA","Y","Y"
"KFS2793","KFS2793","KFS2793","STAFF","BL","Y","Y"
"KFS2794","KFS2794","KFS2794","STAFF","BL","Y","Y"
"KFS2795","KFS2795","KFS2795","STAFF","BL","Y","Y"
"KFS2796","KFS2796","KFS2796","STAFF","IN","Y","Y"
"KFS2797","KFS2797","KFS2797","STAFF","BL","Y","Y"
"KFS2798","KFS2798","KFS2798","STAFF","EA","Y","Y"
"KFS2799","KFS2799","KFS2799","STAFF","BL","Y","Y"
"KFS2800","KFS2800","KFS2800","STAFF","BL","Y","Y"
"KFS2801","KFS2801","KFS2801","STAFF","BL","Y","Y"
"KFS2802","KFS2802","KFS2802","STAFF","SB","Y","Y"
"KFS2803","KFS2803","KFS2803","STAFF","SB","Y","Y"
"KFS2804","KFS2804","KFS2804","STAFF","SB","Y","Y"
"KFS2805","KFS2805","KFS2805","STAFF","BL","Y","Y"
"KFS2806","KFS2806","KFS2806","STAFF","BL","Y","Y"
"KFS2807","KFS2807","KFS2807","STAFF","IN","Y","Y"
"KFS2808","KFS2808","KFS2808","STAFF","BL","Y","Y"
"KFS2809","KFS2809","KFS2809","STAFF","EA","Y","Y"
"KFS2810","KFS2810","KFS2810","STAFF","BL","Y","Y"
"KFS2811","KFS2811","KFS2811","STAFF","BL","Y","Y"
"KFS2812","KFS2812","KFS2812","STAFF","EA","Y","Y"
"KFS2813","KFS2813","KFS2813","STAFF","KO","Y","Y"
"KFS2814","KFS2814","KFS2814","STAFF","BL","Y","Y"
"KFS2815","KFS2815","KFS2815","STAFF","IN","Y","Y"
"KFS2816","KFS2816","KFS2816","STAFF","BL","Y","Y"
"KFS2817","KFS2817","KFS2817","STAFF","KO","Y","Y"
"KFS2818","KFS2818","KFS2818","STAFF","BL","Y","Y"
"KFS2819","KFS2819","KFS2819","STAFF","BL","Y","Y"
"KFS2820","KFS2820","KFS2820","STAFF","BL","Y","Y"
"KFS2821","KFS2821","KFS2821","STAFF","BL","Y","Y"
"KFS2822","KFS2822","KFS2822","STAFF","KO","Y","Y"
"KFS2823","KFS2823","KFS2823","STAFF","BL","Y","Y"
"KFS2824","KFS2824","KFS2824","STAFF","IN","Y","Y"
"KFS2825","KFS2825","KFS2825","STAFF","BL","Y","Y"
"KFS2826","KFS2826","KFS2826","STAFF","BL","Y","Y"
"KFS2827","KFS2827","KFS2827","STAFF","BL","Y","Y"
"KFS2828","KFS2828","KFS2828","STAFF","BL","Y","Y"
"KFS2829","KFS2829","KFS2829","STAFF","BL","Y","Y"
"KFS2830","KFS2830","KFS2830","STAFF","BL","Y","Y"
"KFS2831","KFS2831","KFS2831","STAFF","IN","Y","Y"
"KFS2832","KFS2832","KFS2832","STAFF","SB","Y","Y"
"KFS2833","KFS2833","KFS2833","STAFF","BL","Y","Y"
"KFS2834","KFS2834","KFS2834","STAFF","BL","Y","Y"
"KFS2835","KFS2835","KFS2835","STAFF","IN","Y","Y"
"KFS2836","KFS2836","KFS2836","STAFF","IN","Y","Y"
"KFS2837","KFS2837","KFS2837","STAFF","IN","Y","Y"
"KFS2838","KFS2838","KFS2838","STAFF","IN","Y","Y"
"KFS2839","KFS2839","KFS2839","STAFF","KO","Y","Y"
"KFS2840","KFS2840","KFS2840","STAFF","IN","Y","Y"
"KFS2841","KFS2841","KFS2841","STAFF","BL","Y","Y"
"KFS2842","KFS2842","KFS2842","STAFF","IN","Y","Y"
"KFS2843","KFS2843","KFS2843","STAFF","NW","Y","Y"
"KFS2844","KFS2844","KFS2844","STAFF","SB","Y","Y"
"KFS2845","KFS2845","KFS2845","STAFF","BL","Y","Y"
"KFS2846","KFS2846","KFS2846","STAFF","BL","Y","Y"
"KFS2847","KFS2847","KFS2847","STAFF","BL","Y","Y"
"KFS2848","KFS2848","KFS2848","STAFF","IN","Y","Y"
"KFS2849","KFS2849","KFS2849","STAFF","EA","Y","Y"
"KFS2850","KFS2850","KFS2850","STAFF","BL","Y","Y"
"KFS2851","KFS2851","KFS2851","STAFF","BL","Y","Y"
"KFS2852","KFS2852","KFS2852","STAFF","BL","Y","Y"
"KFS2853","KFS2853","KFS2853","STAFF","SB","Y","Y"
"KFS2854","KFS2854","KFS2854","STAFF","IN","Y","Y"
"KFS2855","KFS2855","KFS2855","STAFF","NW","Y","Y"
"KFS2856","KFS2856","KFS2856","STAFF","IN","Y","Y"
"KFS2857","KFS2857","KFS2857","STAFF","EA","Y","Y"
"KFS2858","KFS2858","KFS2858","STAFF","BL","Y","Y"
"KFS2859","KFS2859","KFS2859","STAFF","SB","Y","Y"
"KFS2860","KFS2860","KFS2860","STAFF","BL","Y","Y"
"KFS2861","KFS2861","KFS2861","STAFF","BL","Y","Y"
"KFS2862","KFS2862","KFS2862","STAFF","BL","Y","Y"
"KFS2863","KFS2863","KFS2863","STAFF","BL","Y","Y"
"KFS2864","KFS2864","KFS2864","STAFF","IN","Y","Y"
"KFS2865","KFS2865","KFS2865","STAFF","BL","Y","Y"
"KFS2866","KFS2866","KFS2866","STAFF","IN","Y","Y"
"KFS2867","KFS2867","KFS2867","STAFF","BL","Y","Y"
"KFS2868","KFS2868","KFS2868","STAFF","SE","Y","Y"
"KFS2869","KFS2869","KFS2869","STAFF","KO","Y","Y"
"KFS2870","KFS2870","KFS2870","STAFF","IN","Y","Y"
"KFS2871","KFS2871","KFS2871","STAFF","IN","Y","Y"
"KFS2872","KFS2872","KFS2872","STAFF","BL","Y","Y"
"KFS2873","KFS2873","KFS2873","STAFF","BL","Y","Y"
"KFS2874","KFS2874","KFS2874","STAFF","BL","Y","Y"
"KFS2875","KFS2875","KFS2875","STAFF","BL","Y","Y"
"KFS2876","KFS2876","KFS2876","STAFF","SE","Y","Y"
"KFS2877","KFS2877","KFS2877","STAFF","BL","Y","Y"
"KFS2878","KFS2878","KFS2878","STAFF","BL","Y","Y"
"KFS2879","KFS2879","KFS2879","STAFF","BL","Y","Y"
"KFS2880","KFS2880","KFS2880","STAFF","BL","Y","Y"
"KFS2881","KFS2881","KFS2881","STAFF","SE","Y","Y"
"KFS2882","KFS2882","KFS2882","STAFF","SE","Y","Y"
"KFS2883","KFS2883","KFS2883","STAFF","BL","Y","Y"
"KFS2884","KFS2884","KFS2884","STAFF","BL","Y","Y"
"KFS2885","KFS2885","KFS2885","STAFF","BL","Y","Y"
"KFS2886","KFS2886","KFS2886","STAFF","BL","Y","Y"
"KFS2887","KFS2887","KFS2887","STAFF","IN","Y","Y"
"KFS2888","KFS2888","KFS2888","STAFF","BL","Y","Y"
"KFS2889","KFS2889","KFS2889","STAFF","BL","Y","Y"
"KFS2890","KFS2890","KFS2890","STAFF","BL","Y","Y"
"KFS2891","KFS2891","KFS2891","STAFF","EA","Y","Y"
"KFS2892","KFS2892","KFS2892","STAFF","BL","Y","Y"
"KFS2893","KFS2893","KFS2893","STAFF","IN","Y","Y"
"KFS2894","KFS2894","KFS2894","STAFF","BL","Y","Y"
"KFS2895","KFS2895","KFS2895","STAFF","IN","Y","Y"
"KFS2896","KFS2896","KFS2896","STAFF","BL","Y","Y"
"KFS2897","KFS2897","KFS2897","STAFF","IN","Y","Y"
"KFS2898","KFS2898","KFS2898","STAFF","IN","Y","Y"
"KFS2899","KFS2899","KFS2899","STAFF","BL","Y","Y"
"KFS2900","KFS2900","KFS2900","STAFF","EA","Y","Y"
"KFS2901","KFS2901","KFS2901","STAFF","BL","Y","Y"
"KFS2902","KFS2902","KFS2902","STAFF","BL","Y","Y"
"KFS2903","KFS2903","KFS2903","STAFF","BL","Y","Y"
"KFS2904","KFS2904","KFS2904","STAFF","BL","Y","Y"
"KFS2905","KFS2905","KFS2905","STAFF","IN","Y","Y"
"KFS2906","KFS2906","KFS2906","STAFF","BL","Y","Y"
"KFS2907","KFS2907","KFS2907","STAFF","BL","Y","Y"
"KFS2908","KFS2908","KFS2908","STAFF","EA","Y","Y"
"KFS2909","KFS2909","KFS2909","STAFF","BL","Y","Y"
"KFS2910","KFS2910","KFS2910","STAFF","SB","Y","Y"
"KFS2911","KFS2911","KFS2911","STAFF","IN","Y","Y"
"KFS2912","KFS2912","KFS2912","STAFF","BL","Y","Y"
"KFS2913","KFS2913","KFS2913","STAFF","BL","Y","Y"
"KFS2914","KFS2914","KFS2914","STAFF","BL","Y","Y"
"KFS2915","KFS2915","KFS2915","STAFF","BL","Y","Y"
"KFS2916","KFS2916","KFS2916","STAFF","BL","Y","Y"
"KFS2917","KFS2917","KFS2917","STAFF","IN","Y","Y"
"KFS2918","KFS2918","KFS2918","STAFF","BL","Y","Y"
"KFS2919","KFS2919","KFS2919","STAFF","IN","Y","Y"
"KFS2920","KFS2920","KFS2920","STAFF","EA","Y","Y"
"KFS2921","KFS2921","KFS2921","STAFF","EA","Y","Y"
"KFS2922","KFS2922","KFS2922","STAFF","EA","Y","Y"
"KFS2923","KFS2923","KFS2923","STAFF","EA","Y","Y"
"KFS2924","KFS2924","KFS2924","STAFF","EA","Y","Y"
"KFS2925","KFS2925","KFS2925","STAFF","IN","Y","Y"
"KFS2926","KFS2926","KFS2926","STAFF","BL","Y","Y"
"KFS2927","KFS2927","KFS2927","STAFF","EA","Y","Y"
"KFS2928","KFS2928","KFS2928","STAFF","BL","Y","Y"
"KFS2929","KFS2929","KFS2929","STAFF","SB","Y","Y"
"KFS2930","KFS2930","KFS2930","STAFF","EA","Y","Y"
"KFS2931","KFS2931","KFS2931","STAFF","IN","Y","Y"
"KFS2932","KFS2932","KFS2932","STAFF","BL","Y","Y"
"KFS2933","KFS2933","KFS2933","STAFF","IN","Y","Y"
"KFS2934","KFS2934","KFS2934","STAFF","NW","Y","Y"
"KFS2935","KFS2935","KFS2935","STAFF","KO","Y","Y"
"KFS2936","KFS2936","KFS2936","STAFF","IN","Y","Y"
"KFS2937","KFS2937","KFS2937","STAFF","IN","Y","Y"
"KFS2938","KFS2938","KFS2938","STAFF","BL","Y","Y"
"KFS2939","KFS2939","KFS2939","STAFF","EA","Y","Y"
"KFS2940","KFS2940","KFS2940","STAFF","BL","Y","Y"
"KFS2941","KFS2941","KFS2941","STAFF","BL","Y","Y"
"KFS2942","KFS2942","KFS2942","STAFF","BL","Y","Y"
"KFS2943","KFS2943","KFS2943","STAFF","BL","Y","Y"
"KFS2944","KFS2944","KFS2944","STAFF","KO","Y","Y"
"KFS2945","KFS2945","KFS2945","STAFF","BL","Y","Y"
"KFS2946","KFS2946","KFS2946","STAFF","NW","Y","Y"
"KFS2947","KFS2947","KFS2947","STAFF","SB","Y","Y"
"KFS2948","KFS2948","KFS2948","STAFF","KO","Y","Y"
"KFS2949","KFS2949","KFS2949","STAFF","IN","Y","Y"
"KFS2950","KFS2950","KFS2950","STAFF","IN","Y","Y"
"KFS2951","KFS2951","KFS2951","STAFF","SE","Y","Y"
"KFS2952","KFS2952","KFS2952","STAFF","BL","Y","Y"
"KFS2953","KFS2953","KFS2953","STAFF","BL","Y","Y"
"KFS2954","KFS2954","KFS2954","STAFF","BL","Y","Y"
"KFS2955","KFS2955","KFS2955","STAFF","BL","Y","Y"
"KFS2956","KFS2956","KFS2956","STAFF","BL","Y","Y"
"KFS2957","KFS2957","KFS2957","STAFF","BL","Y","Y"
"KFS2958","KFS2958","KFS2958","STAFF","BL","Y","Y"
"KFS2959","KFS2959","KFS2959","STAFF","IN","Y","Y"
"KFS2960","KFS2960","KFS2960","STAFF","IN","Y","Y"
"KFS2961","KFS2961","KFS2961","STAFF","IN","Y","Y"
"KFS2962","KFS2962","KFS2962","STAFF","IN","Y","Y"
"KFS2963","KFS2963","KFS2963","STAFF","IN","Y","Y"
"KFS2964","KFS2964","KFS2964","STAFF","BL","Y","Y"
"KFS2965","KFS2965","KFS2965","STAFF","BL","Y","Y"
"KFS2966","KFS2966","KFS2966","STAFF","IN","Y","Y"
"KFS2967","KFS2967","KFS2967","STAFF","IN","Y","Y"
"KFS2968","KFS2968","KFS2968","STAFF","BL","Y","Y"
"KFS2969","KFS2969","KFS2969","STAFF","SB","Y","Y"
"KFS2970","KFS2970","KFS2970","STAFF","IN","Y","Y"
"KFS2971","KFS2971","KFS2971","STAFF","IN","Y","Y"
"KFS2972","KFS2972","KFS2972","STAFF","EA","Y","Y"
"KFS2973","KFS2973","KFS2973","STAFF","IN","Y","Y"
"KFS2974","KFS2974","KFS2974","STAFF","BL","Y","Y"
"KFS2975","KFS2975","KFS2975","STAFF","IN","Y","Y"
"KFS2976","KFS2976","KFS2976","STAFF","IN","Y","Y"
"KFS2977","KFS2977","KFS2977","STAFF","BL","Y","Y"
"KFS2978","KFS2978","KFS2978","STAFF","BL","Y","Y"
"KFS2979","KFS2979","KFS2979","STAFF","IN","Y","Y"
"KFS2980","KFS2980","KFS2980","STAFF","IN","Y","Y"
"KFS2981","KFS2981","KFS2981","STAFF","BL","Y","Y"
"KFS2982","KFS2982","KFS2982","STAFF","BL","Y","Y"
"KFS2983","KFS2983","KFS2983","STAFF","IN","Y","Y"
"KFS2984","KFS2984","KFS2984","STAFF","IN","Y","Y"
"KFS2985","KFS2985","KFS2985","STAFF","BL","Y","Y"
"KFS2986","KFS2986","KFS2986","STAFF","IN","Y","Y"
"KFS2987","KFS2987","KFS2987","STAFF","BL","Y","Y"
"KFS2988","KFS2988","KFS2988","STAFF","IN","Y","Y"
"KFS2989","KFS2989","KFS2989","STAFF","BL","Y","Y"
"KFS2990","KFS2990","KFS2990","STAFF","BL","Y","Y"
"KFS2991","KFS2991","KFS2991","STAFF","IN","Y","Y"
"KFS2992","KFS2992","KFS2992","STAFF","BL","Y","Y"
"KFS2993","KFS2993","KFS2993","STAFF","IN","Y","Y"
"KFS2994","KFS2994","KFS2994","STAFF","BL","Y","Y"
"KFS2995","KFS2995","KFS2995","STAFF","BL","Y","Y"
"KFS2996","KFS2996","KFS2996","STAFF","NW","Y","Y"
"KFS2997","KFS2997","KFS2997","STAFF","BL","Y","Y"
"KFS2998","KFS2998","KFS2998","STAFF","BL","Y","Y"
"KFS2999","KFS2999","KFS2999","STAFF","IN","Y","Y"
"KFS3000","KFS3000","KFS3000","STAFF","IN","Y","Y"
"KFS3001","KFS3001","KFS3001","STAFF","IN","Y","Y"
"KFS3002","KFS3002","KFS3002","STAFF","BL","Y","Y"
"KFS3003","KFS3003","KFS3003","STAFF","BL","Y","Y"
"KFS3004","KFS3004","KFS3004","STAFF","SB","Y","Y"
"KFS3005","KFS3005","KFS3005","STAFF","IN","Y","Y"
"KFS3006","KFS3006","KFS3006","STAFF","BL","Y","Y"
"KFS3007","KFS3007","KFS3007","STAFF","BL","Y","Y"
"KFS3008","KFS3008","KFS3008","STAFF","BL","Y","Y"
"KFS3009","KFS3009","KFS3009","STAFF","IN","Y","Y"
"KFS3010","KFS3010","KFS3010","STAFF","IN","Y","Y"
"KFS3011","KFS3011","KFS3011","STAFF","IN","Y","Y"
"KFS3012","KFS3012","KFS3012","STAFF","BL","Y","Y"
"KFS3013","KFS3013","KFS3013","STAFF","SB","Y","Y"
"KFS3014","KFS3014","KFS3014","STAFF","BL","Y","Y"
"KFS3015","KFS3015","KFS3015","STAFF","BL","Y","Y"
"KFS3016","KFS3016","KFS3016","STAFF","BL","Y","Y"
"KFS3017","KFS3017","KFS3017","STAFF","EA","Y","Y"
"KFS3018","KFS3018","KFS3018","STAFF","EA","Y","Y"
"KFS3019","KFS3019","KFS3019","STAFF","IN","Y","Y"
"KFS3020","KFS3020","KFS3020","STAFF","BL","Y","Y"
"KFS3021","KFS3021","KFS3021","STAFF","IN","Y","Y"
"KFS3022","KFS3022","KFS3022","STAFF","BL","Y","Y"
"KFS3023","KFS3023","KFS3023","STAFF","BL","Y","Y"
"KFS3024","KFS3024","KFS3024","STAFF","BL","Y","Y"
"KFS3025","KFS3025","KFS3025","STAFF","BL","Y","Y"
"KFS3026","KFS3026","KFS3026","STAFF","BL","Y","Y"
"KFS3027","KFS3027","KFS3027","STAFF","IN","Y","Y"
"KFS3028","KFS3028","KFS3028","STAFF","IN","Y","Y"
"KFS3029","KFS3029","KFS3029","STAFF","BL","Y","Y"
"KFS3030","KFS3030","KFS3030","STAFF","BL","Y","Y"
"KFS3031","KFS3031","KFS3031","STAFF","IN","Y","Y"
"KFS3032","KFS3032","KFS3032","STAFF","IN","Y","Y"
"KFS3033","KFS3033","KFS3033","STAFF","BL","Y","Y"
"KFS3034","KFS3034","KFS3034","STAFF","IN","Y","Y"
"KFS3035","KFS3035","KFS3035","STAFF","IN","Y","Y"
"KFS3036","KFS3036","KFS3036","STAFF","BL","Y","Y"
"KFS3037","KFS3037","KFS3037","STAFF","BL","Y","Y"
"KFS3038","KFS3038","KFS3038","STAFF","KO","Y","Y"
"KFS3039","KFS3039","KFS3039","STAFF","BL","Y","Y"
"KFS3040","KFS3040","KFS3040","STAFF","IN","Y","Y"
"KFS3041","KFS3041","KFS3041","STAFF","BL","Y","Y"
"KFS3042","KFS3042","KFS3042","STAFF","BL","Y","Y"
"KFS3043","KFS3043","KFS3043","STAFF","BL","Y","Y"
"KFS3044","KFS3044","KFS3044","STAFF","SE","Y","Y"
"KFS3045","KFS3045","KFS3045","STAFF","IN","Y","Y"
"KFS3046","KFS3046","KFS3046","STAFF","BL","Y","Y"
"KFS3047","KFS3047","KFS3047","STAFF","BL","Y","Y"
"KFS3048","KFS3048","KFS3048","STAFF","IN","Y","Y"
"KFS3049","KFS3049","KFS3049","STAFF","BL","Y","Y"
"KFS3050","KFS3050","KFS3050","STAFF","SE","Y","Y"
"KFS3051","KFS3051","KFS3051","STAFF","BL","Y","Y"
"KFS3052","KFS3052","KFS3052","STAFF","KO","Y","Y"
"KFS3053","KFS3053","KFS3053","STAFF","IN","Y","Y"
"KFS3054","KFS3054","KFS3054","STAFF","IN","Y","Y"
"KFS3055","KFS3055","KFS3055","STAFF","IN","Y","Y"
"KFS3056","KFS3056","KFS3056","STAFF","BL","Y","Y"
"KFS3057","KFS3057","KFS3057","STAFF","BL","Y","Y"
"KFS3058","KFS3058","KFS3058","STAFF","BL","Y","Y"
"KFS3059","KFS3059","KFS3059","STAFF","EA","Y","Y"
"KFS3060","KFS3060","KFS3060","STAFF","IN","Y","Y"
"KFS3061","KFS3061","KFS3061","STAFF","IN","Y","Y"
"KFS3062","KFS3062","KFS3062","STAFF","BL","Y","Y"
"KFS3063","KFS3063","KFS3063","STAFF","BL","Y","Y"
"KFS3064","KFS3064","KFS3064","STAFF","IN","Y","Y"
"KFS3065","KFS3065","KFS3065","STAFF","IN","Y","Y"
"KFS3066","KFS3066","KFS3066","STAFF","BL","Y","Y"
"KFS3067","KFS3067","KFS3067","STAFF","BL","Y","Y"
"KFS3068","KFS3068","KFS3068","STAFF","BL","Y","Y"
"KFS3069","KFS3069","KFS3069","STAFF","SB","Y","Y"
"KFS3070","KFS3070","KFS3070","STAFF","BL","Y","Y"
"KFS3071","KFS3071","KFS3071","STAFF","BL","Y","Y"
"KFS3072","KFS3072","KFS3072","STAFF","BL","Y","Y"
"KFS3073","KFS3073","KFS3073","STAFF","EA","Y","Y"
"KFS3074","KFS3074","KFS3074","STAFF","BL","Y","Y"
"KFS3075","KFS3075","KFS3075","STAFF","IN","Y","Y"
"KFS3076","KFS3076","KFS3076","STAFF","EA","Y","Y"
"KFS3077","KFS3077","KFS3077","STAFF","IN","Y","Y"
"KFS3078","KFS3078","KFS3078","STAFF","IN","Y","Y"
"KFS3079","KFS3079","KFS3079","STAFF","NW","Y","Y"
"KFS3080","KFS3080","KFS3080","STAFF","IN","Y","Y"
"KFS3081","KFS3081","KFS3081","STAFF","BL","Y","Y"
"KFS3082","KFS3082","KFS3082","STAFF","IN","Y","Y"
"KFS3083","KFS3083","KFS3083","STAFF","KO","Y","Y"
"KFS3084","KFS3084","KFS3084","STAFF","BL","Y","Y"
"KFS3085","KFS3085","KFS3085","STAFF","BL","Y","Y"
"KFS3086","KFS3086","KFS3086","STAFF","SB","Y","Y"
"KFS3087","KFS3087","KFS3087","STAFF","BL","Y","Y"
"KFS3088","KFS3088","KFS3088","STAFF","IN","Y","Y"
"KFS3089","KFS3089","KFS3089","STAFF","IN","Y","Y"
"KFS3090","KFS3090","KFS3090","STAFF","IN","Y","Y"
"KFS3091","KFS3091","KFS3091","STAFF","BL","Y","Y"
"KFS3092","KFS3092","KFS3092","STAFF","BL","Y","Y"
"KFS3093","KFS3093","KFS3093","STAFF","BL","Y","Y"
"KFS3094","KFS3094","KFS3094","STAFF","BL","Y","Y"
"KFS3095","KFS3095","KFS3095","STAFF","IN","Y","Y"
"KFS3096","KFS3096","KFS3096","STAFF","BL","Y","Y"
"KFS3097","KFS3097","KFS3097","STAFF","KO","Y","Y"
"KFS3098","KFS3098","KFS3098","STAFF","IN","Y","Y"
"KFS3099","KFS3099","KFS3099","STAFF","IN","Y","Y"
"KFS3100","KFS3100","KFS3100","STAFF","BL","Y","Y"
"KFS3101","KFS3101","KFS3101","STAFF","BL","Y","Y"
"KFS3102","KFS3102","KFS3102","STAFF","BL","Y","Y"
"KFS3103","KFS3103","KFS3103","STAFF","BL","Y","Y"
"KFS3104","KFS3104","KFS3104","STAFF","SB","Y","Y"
"KFS3105","KFS3105","KFS3105","STAFF","IN","Y","Y"
"KFS3106","KFS3106","KFS3106","STAFF","BL","Y","Y"
"KFS3107","KFS3107","KFS3107","STAFF","IN","Y","Y"
"KFS3108","KFS3108","KFS3108","STAFF","BL","Y","Y"
"KFS3109","KFS3109","KFS3109","STAFF","BL","Y","Y"
"KFS3110","KFS3110","KFS3110","STAFF","BL","Y","Y"
"KFS3111","KFS3111","KFS3111","STAFF","IN","Y","Y"
"KFS3112","KFS3112","KFS3112","STAFF","BL","Y","Y"
"KFS3113","KFS3113","KFS3113","STAFF","IN","Y","Y"
"KFS3114","KFS3114","KFS3114","STAFF","BL","Y","Y"
"KFS3115","KFS3115","KFS3115","STAFF","BL","Y","Y"
"KFS3116","KFS3116","KFS3116","STAFF","BL","Y","Y"
"KFS3117","KFS3117","KFS3117","STAFF","BL","Y","Y"
"KFS3118","KFS3118","KFS3118","STAFF","IN","Y","Y"
"KFS3119","KFS3119","KFS3119","STAFF","EA","Y","Y"
"KFS3120","KFS3120","KFS3120","STAFF","BL","Y","Y"
"KFS3121","KFS3121","KFS3121","STAFF","BL","Y","Y"
"KFS3122","KFS3122","KFS3122","STAFF","BL","Y","Y"
"KFS3123","KFS3123","KFS3123","STAFF","BL","Y","Y"
"KFS3124","KFS3124","KFS3124","STAFF","EA","Y","Y"
"KFS3125","KFS3125","KFS3125","STAFF","BL","Y","Y"
"KFS3126","KFS3126","KFS3126","STAFF","BL","Y","Y"
"KFS3127","KFS3127","KFS3127","STAFF","SB","Y","Y"
"KFS3128","KFS3128","KFS3128","STAFF","SB","Y","Y"
"KFS3129","KFS3129","KFS3129","STAFF","BL","Y","Y"
"KFS3130","KFS3130","KFS3130","STAFF","IN","Y","Y"
"KFS3131","KFS3131","KFS3131","STAFF","BL","Y","Y"
"KFS3132","KFS3132","KFS3132","STAFF","BL","Y","Y"
"KFS3133","KFS3133","KFS3133","STAFF","BL","Y","Y"
"KFS3134","KFS3134","KFS3134","STAFF","BL","Y","Y"
"KFS3135","KFS3135","KFS3135","STAFF","BL","Y","Y"
"KFS3136","KFS3136","KFS3136","STAFF","BL","Y","Y"
"KFS3137","KFS3137","KFS3137","STAFF","BL","Y","Y"
"KFS3138","KFS3138","KFS3138","STAFF","BL","Y","Y"
"KFS3139","KFS3139","KFS3139","STAFF","BL","Y","Y"
"KFS3140","KFS3140","KFS3140","STAFF","BL","Y","Y"
"KFS3141","KFS3141","KFS3141","STAFF","IN","Y","Y"
"KFS3142","KFS3142","KFS3142","STAFF","IN","Y","Y"
"KFS3143","KFS3143","KFS3143","STAFF","BL","Y","Y"
"KFS3144","KFS3144","KFS3144","STAFF","IN","Y","Y"
"KFS3145","KFS3145","KFS3145","STAFF","BL","Y","Y"
"KFS3146","KFS3146","KFS3146","STAFF","BL","Y","Y"
"KFS3147","KFS3147","KFS3147","STAFF","BL","Y","Y"
"KFS3148","KFS3148","KFS3148","STAFF","BL","Y","Y"
"KFS3149","KFS3149","KFS3149","STAFF","IN","Y","Y"
"KFS3150","KFS3150","KFS3150","STAFF","IN","Y","Y"
"KFS3151","KFS3151","KFS3151","STAFF","BL","Y","Y"
"KFS3152","KFS3152","KFS3152","STAFF","IN","Y","Y"
"KFS3153","KFS3153","KFS3153","STAFF","BL","Y","Y"
"KFS3154","KFS3154","KFS3154","STAFF","BL","Y","Y"
"KFS3155","KFS3155","KFS3155","STAFF","BL","Y","Y"
"KFS3156","KFS3156","KFS3156","STAFF","BL","Y","Y"
"KFS3157","KFS3157","KFS3157","STAFF","BL","Y","Y"
"KFS3158","KFS3158","KFS3158","STAFF","SE","Y","Y"
"KFS3159","KFS3159","KFS3159","STAFF","BL","Y","Y"
"KFS3160","KFS3160","KFS3160","STAFF","IN","Y","Y"
"KFS3161","KFS3161","KFS3161","STAFF","BL","Y","Y"
"KFS3162","KFS3162","KFS3162","STAFF","BL","Y","Y"
"KFS3163","KFS3163","KFS3163","STAFF","SE","Y","Y"
"KFS3164","KFS3164","KFS3164","STAFF","EA","Y","Y"
"KFS3165","KFS3165","KFS3165","STAFF","NW","Y","Y"
"KFS3166","KFS3166","KFS3166","STAFF","BL","Y","Y"
"KFS3167","KFS3167","KFS3167","STAFF","SB","Y","Y"
"KFS3168","KFS3168","KFS3168","STAFF","IN","Y","Y"
"KFS3169","KFS3169","KFS3169","STAFF","IN","Y","Y"
"KFS3170","KFS3170","KFS3170","STAFF","BL","Y","Y"
"KFS3171","KFS3171","KFS3171","STAFF","BL","Y","Y"
"KFS3172","KFS3172","KFS3172","STAFF","EA","Y","Y"
"KFS3173","KFS3173","KFS3173","STAFF","IN","Y","Y"
"KFS3174","KFS3174","KFS3174","STAFF","BL","Y","Y"
"KFS3175","KFS3175","KFS3175","STAFF","BL","Y","Y"
"KFS3176","KFS3176","KFS3176","STAFF","IN","Y","Y"
"KFS3177","KFS3177","KFS3177","STAFF","BL","Y","Y"
"KFS3178","KFS3178","KFS3178","STAFF","SE","Y","Y"
"KFS3179","KFS3179","KFS3179","STAFF","BL","Y","Y"
"KFS3180","KFS3180","KFS3180","STAFF","SB","Y","Y"
"KFS3181","KFS3181","KFS3181","STAFF","BL","Y","Y"
"KFS3182","KFS3182","KFS3182","STAFF","SB","Y","Y"
"KFS3183","KFS3183","KFS3183","STAFF","BL","Y","Y"
"KFS3184","KFS3184","KFS3184","STAFF","IN","Y","Y"
"KFS3185","KFS3185","KFS3185","STAFF","IN","Y","Y"
"KFS3186","KFS3186","KFS3186","STAFF","BL","Y","Y"
"KFS3187","KFS3187","KFS3187","STAFF","IN","Y","Y"
"KFS3188","KFS3188","KFS3188","STAFF","BL","Y","Y"
"KFS3189","KFS3189","KFS3189","STAFF","BL","Y","Y"
"KFS3190","KFS3190","KFS3190","STAFF","IN","Y","Y"
"KFS3191","KFS3191","KFS3191","STAFF","BL","Y","Y"
"KFS3192","KFS3192","KFS3192","STAFF","BL","Y","Y"
"KFS3193","KFS3193","KFS3193","STAFF","BL","Y","Y"
"KFS3194","KFS3194","KFS3194","STAFF","SE","Y","Y"
"KFS3195","KFS3195","KFS3195","STAFF","BL","Y","Y"
"KFS3196","KFS3196","KFS3196","STAFF","NW","Y","Y"
"KFS3197","KFS3197","KFS3197","STAFF","IN","Y","Y"
"KFS3198","KFS3198","KFS3198","STAFF","IN","Y","Y"
"KFS3199","KFS3199","KFS3199","STAFF","BL","Y","Y"
"KFS3200","KFS3200","KFS3200","STAFF","BL","Y","Y"
"KFS3201","KFS3201","KFS3201","STAFF","BL","Y","Y"
"KFS3202","KFS3202","KFS3202","STAFF","NW","Y","Y"
"KFS3203","KFS3203","KFS3203","STAFF","BL","Y","Y"
"KFS3204","KFS3204","KFS3204","STAFF","BL","Y","Y"
"KFS3205","KFS3205","KFS3205","STAFF","IN","Y","Y"
"KFS3206","KFS3206","KFS3206","STAFF","IN","Y","Y"
"KFS3207","KFS3207","KFS3207","STAFF","IN","Y","Y"
"KFS3208","KFS3208","KFS3208","STAFF","IN","Y","Y"
"KFS3209","KFS3209","KFS3209","STAFF","BL","Y","Y"
"KFS3210","KFS3210","KFS3210","STAFF","BL","Y","Y"
"KFS3211","KFS3211","KFS3211","STAFF","KO","Y","Y"
"KFS3212","KFS3212","KFS3212","STAFF","BL","Y","Y"
"KFS3213","KFS3213","KFS3213","STAFF","IN","Y","Y"
"KFS3214","KFS3214","KFS3214","STAFF","BL","Y","Y"
"KFS3215","KFS3215","KFS3215","STAFF","BL","Y","Y"
"KFS3216","KFS3216","KFS3216","STAFF","BL","Y","Y"
"KFS3217","KFS3217","KFS3217","STAFF","BL","Y","Y"
"KFS3218","KFS3218","KFS3218","STAFF","IN","Y","Y"
"KFS3219","KFS3219","KFS3219","STAFF","BL","Y","Y"
"KFS3220","KFS3220","KFS3220","STAFF","IN","Y","Y"
"KFS3221","KFS3221","KFS3221","STAFF","BL","Y","Y"
"KFS3222","KFS3222","KFS3222","STAFF","IN","Y","Y"
"KFS3223","KFS3223","KFS3223","STAFF","KO","Y","Y"
"KFS3224","KFS3224","KFS3224","STAFF","IN","Y","Y"
"KFS3225","KFS3225","KFS3225","STAFF","EA","Y","Y"
"KFS3226","KFS3226","KFS3226","STAFF","BL","Y","Y"
"KFS3227","KFS3227","KFS3227","STAFF","SB","Y","Y"
"KFS3228","KFS3228","KFS3228","STAFF","BL","Y","Y"
"KFS3229","KFS3229","KFS3229","STAFF","IN","Y","Y"
"KFS3230","KFS3230","KFS3230","STAFF","IN","Y","Y"
"KFS3231","KFS3231","KFS3231","STAFF","IN","Y","Y"
"KFS3232","KFS3232","KFS3232","STAFF","IN","Y","Y"
"KFS3233","KFS3233","KFS3233","STAFF","KO","Y","Y"
"KFS3234","KFS3234","KFS3234","STAFF","IN","Y","Y"
"KFS3235","KFS3235","KFS3235","STAFF","IN","Y","Y"
"KFS3236","KFS3236","KFS3236","STAFF","BL","Y","Y"
"KFS3237","KFS3237","KFS3237","STAFF","BL","Y","Y"
"KFS3238","KFS3238","KFS3238","STAFF","EA","Y","Y"
"KFS3239","KFS3239","KFS3239","STAFF","IN","Y","Y"
"KFS3240","KFS3240","KFS3240","STAFF","BL","Y","Y"
"KFS3241","KFS3241","KFS3241","STAFF","BL","Y","Y"
"KFS3242","KFS3242","KFS3242","STAFF","IN","Y","Y"
"KFS3243","KFS3243","KFS3243","STAFF","IN","Y","Y"
"KFS3244","KFS3244","KFS3244","STAFF","IN","Y","Y"
"KFS3245","KFS3245","KFS3245","STAFF","IN","Y","Y"
"KFS3246","KFS3246","KFS3246","STAFF","EA","Y","Y"
"KFS3247","KFS3247","KFS3247","STAFF","SE","Y","Y"
"KFS3248","KFS3248","KFS3248","STAFF","BL","Y","Y"
"KFS3249","KFS3249","KFS3249","STAFF","BL","Y","Y"
"KFS3250","KFS3250","KFS3250","STAFF","BL","Y","Y"
"KFS3251","KFS3251","KFS3251","STAFF","BL","Y","Y"
"KFS3252","KFS3252","KFS3252","STAFF","NW","Y","Y"
"KFS3253","KFS3253","KFS3253","STAFF","IN","Y","Y"
"KFS3254","KFS3254","KFS3254","STAFF","BL","Y","Y"
"KFS3255","KFS3255","KFS3255","STAFF","IN","Y","Y"
"KFS3256","KFS3256","KFS3256","STAFF","IN","Y","Y"
"KFS3257","KFS3257","KFS3257","STAFF","IN","Y","Y"
"KFS3258","KFS3258","KFS3258","STAFF","BL","Y","Y"
"KFS3259","KFS3259","KFS3259","STAFF","BL","Y","Y"
"KFS3260","KFS3260","KFS3260","STAFF","BL","Y","Y"
"KFS3261","KFS3261","KFS3261","STAFF","IN","Y","Y"
"KFS3262","KFS3262","KFS3262","STAFF","IN","Y","Y"
"KFS3263","KFS3263","KFS3263","STAFF","BL","Y","Y"
"KFS3264","KFS3264","KFS3264","STAFF","IN","Y","Y"
"KFS3265","KFS3265","KFS3265","STAFF","BL","Y","Y"
"KFS3266","KFS3266","KFS3266","STAFF","BL","Y","Y"
"KFS3267","KFS3267","KFS3267","STAFF","BL","Y","Y"
"KFS3268","KFS3268","KFS3268","STAFF","BL","Y","Y"
"KFS3269","KFS3269","KFS3269","STAFF","IN","Y","Y"
"KFS3270","KFS3270","KFS3270","STAFF","BL","Y","Y"
"KFS3272","KFS3272","KFS3272","STAFF","IN","Y","Y"
"KFS3273","KFS3273","KFS3273","STAFF","BL","Y","Y"
"KFS3274","KFS3274","KFS3274","STAFF","BL","Y","Y"
"KFS3275","KFS3275","KFS3275","STAFF","KO","Y","Y"
"KFS3276","KFS3276","KFS3276","STAFF","IN","Y","Y"
"KFS3277","KFS3277","KFS3277","STAFF","IN","Y","Y"
"KFS3278","KFS3278","KFS3278","STAFF","IN","Y","Y"
"KFS3279","KFS3279","KFS3279","STAFF","KO","Y","Y"
"KFS3280","KFS3280","KFS3280","STAFF","BL","Y","Y"
"KFS3281","KFS3281","KFS3281","STAFF","BL","Y","Y"
"KFS3282","KFS3282","KFS3282","STAFF","BL","Y","Y"
"KFS3283","KFS3283","KFS3283","STAFF","BL","Y","Y"
"KFS3284","KFS3284","KFS3284","STAFF","BL","Y","Y"
"KFS3285","KFS3285","KFS3285","STAFF","BL","Y","Y"
"KFS3286","KFS3286","KFS3286","STAFF","KO","Y","Y"
"KFS3287","KFS3287","KFS3287","STAFF","KO","Y","Y"
"KFS3288","KFS3288","KFS3288","STAFF","IN","Y","Y"
"KFS3289","KFS3289","KFS3289","STAFF","BL","Y","Y"
"KFS3290","KFS3290","KFS3290","STAFF","BL","Y","Y"
"KFS3291","KFS3291","KFS3291","STAFF","BL","Y","Y"
"KFS3292","KFS3292","KFS3292","STAFF","IN","Y","Y"
"KFS3293","KFS3293","KFS3293","STAFF","IN","Y","Y"
"KFS3294","KFS3294","KFS3294","STAFF","IN","Y","Y"
"KFS3295","KFS3295","KFS3295","STAFF","SE","Y","Y"
"KFS3296","KFS3296","KFS3296","STAFF","BL","Y","Y"
"KFS3297","KFS3297","KFS3297","STAFF","BL","Y","Y"
"KFS3298","KFS3298","KFS3298","STAFF","BL","Y","Y"
"KFS3299","KFS3299","KFS3299","STAFF","SB","Y","Y"
"KFS3300","KFS3300","KFS3300","STAFF","SB","Y","Y"
"KFS3301","KFS3301","KFS3301","STAFF","IN","Y","Y"
"KFS3302","KFS3302","KFS3302","STAFF","IN","Y","Y"
"KFS3303","KFS3303","KFS3303","STAFF","BL","Y","Y"
"KFS3304","KFS3304","KFS3304","STAFF","EA","Y","Y"
"KFS3305","KFS3305","KFS3305","STAFF","EA","Y","Y"
"KFS3306","KFS3306","KFS3306","STAFF","BL","Y","Y"
"KFS3307","KFS3307","KFS3307","STAFF","BL","Y","Y"
"KFS3308","KFS3308","KFS3308","STAFF","SE","Y","Y"
"KFS3309","KFS3309","KFS3309","STAFF","BL","Y","Y"
"KFS3310","KFS3310","KFS3310","STAFF","BL","Y","Y"
"KFS3311","KFS3311","KFS3311","STAFF","IN","Y","Y"
"KFS3312","KFS3312","KFS3312","STAFF","BL","Y","Y"
"KFS3313","KFS3313","KFS3313","STAFF","BL","Y","Y"
"KFS3314","KFS3314","KFS3314","STAFF","IN","Y","Y"
"KFS3315","KFS3315","KFS3315","STAFF","SB","Y","Y"
"KFS3316","KFS3316","KFS3316","STAFF","BL","Y","Y"
"KFS3317","KFS3317","KFS3317","STAFF","BL","Y","Y"
"KFS3318","KFS3318","KFS3318","STAFF","BL","Y","Y"
"KFS3319","KFS3319","KFS3319","STAFF","BL","Y","Y"
"KFS3320","KFS3320","KFS3320","STAFF","IN","Y","Y"
"KFS3321","KFS3321","KFS3321","STAFF","IN","Y","Y"
"KFS3322","KFS3322","KFS3322","STAFF","IN","Y","Y"
"KFS3323","KFS3323","KFS3323","STAFF","IN","Y","Y"
"KFS3324","KFS3324","KFS3324","STAFF","BL","Y","Y"
"KFS3325","KFS3325","KFS3325","STAFF","BL","Y","Y"
"KFS3326","KFS3326","KFS3326","STAFF","BL","Y","Y"
"KFS3327","KFS3327","KFS3327","STAFF","IN","Y","Y"
"KFS3328","KFS3328","KFS3328","STAFF","BL","Y","Y"
"KFS3329","KFS3329","KFS3329","STAFF","BL","Y","Y"
"KFS3330","KFS3330","KFS3330","STAFF","BL","Y","Y"
"KFS3331","KFS3331","KFS3331","STAFF","BL","Y","Y"
"KFS3332","KFS3332","KFS3332","STAFF","BL","Y","Y"
"KFS3333","KFS3333","KFS3333","STAFF","IN","Y","Y"
"KFS3334","KFS3334","KFS3334","STAFF","IN","Y","Y"
"KFS3335","KFS3335","KFS3335","STAFF","SB","Y","Y"
"KFS3336","KFS3336","KFS3336","STAFF","BL","Y","Y"
"KFS3337","KFS3337","KFS3337","STAFF","BL","Y","Y"
"KFS3338","KFS3338","KFS3338","STAFF","BL","Y","Y"
"KFS3339","KFS3339","KFS3339","STAFF","BL","Y","Y"
"KFS3340","KFS3340","KFS3340","STAFF","BL","Y","Y"
"KFS3341","KFS3341","KFS3341","STAFF","BL","Y","Y"
"KFS3342","KFS3342","KFS3342","STAFF","IN","Y","Y"
"KFS3343","KFS3343","KFS3343","STAFF","IN","Y","Y"
"KFS3344","KFS3344","KFS3344","STAFF","SB","Y","Y"
"KFS3345","KFS3345","KFS3345","STAFF","BL","Y","Y"
"KFS3346","KFS3346","KFS3346","STAFF","BL","Y","Y"
"KFS3347","KFS3347","KFS3347","STAFF","IN","Y","Y"
"KFS3348","KFS3348","KFS3348","STAFF","BL","Y","Y"
"KFS3349","KFS3349","KFS3349","STAFF","BL","Y","Y"
"KFS3350","KFS3350","KFS3350","STAFF","IN","Y","Y"
"KFS3351","KFS3351","KFS3351","STAFF","BL","Y","Y"
"KFS3352","KFS3352","KFS3352","STAFF","IN","Y","Y"
"KFS3353","KFS3353","KFS3353","STAFF","IN","Y","Y"
"KFS3354","KFS3354","KFS3354","STAFF","IN","Y","Y"
"KFS3355","KFS3355","KFS3355","STAFF","IN","Y","Y"
"KFS3356","KFS3356","KFS3356","STAFF","BL","Y","Y"
"KFS3357","KFS3357","KFS3357","STAFF","BL","Y","Y"
"KFS3358","KFS3358","KFS3358","STAFF","BL","Y","Y"
"KFS3359","KFS3359","KFS3359","STAFF","IN","Y","Y"
"KFS3360","KFS3360","KFS3360","STAFF","BL","Y","Y"
"KFS3361","KFS3361","KFS3361","STAFF","BL","Y","Y"
"KFS3362","KFS3362","KFS3362","STAFF","BL","Y","Y"
"KFS3363","KFS3363","KFS3363","STAFF","EA","Y","Y"
"KFS3364","KFS3364","KFS3364","STAFF","BL","Y","Y"
"KFS3365","KFS3365","KFS3365","STAFF","IN","Y","Y"
"KFS3366","KFS3366","KFS3366","STAFF","BL","Y","Y"
"KFS3367","KFS3367","KFS3367","STAFF","IN","Y","Y"
"KFS3368","KFS3368","KFS3368","STAFF","SE","Y","Y"
"KFS3369","KFS3369","KFS3369","STAFF","IN","Y","Y"
"KFS3370","KFS3370","KFS3370","STAFF","BL","Y","Y"
"KFS3371","KFS3371","KFS3371","STAFF","IN","Y","Y"
"KFS3372","KFS3372","KFS3372","STAFF","BL","Y","Y"
"KFS3373","KFS3373","KFS3373","STAFF","IN","Y","Y"
"KFS3374","KFS3374","KFS3374","STAFF","IN","Y","Y"
"KFS3375","KFS3375","KFS3375","STAFF","IN","Y","Y"
"KFS3376","KFS3376","KFS3376","STAFF","BL","Y","Y"
"KFS3377","KFS3377","KFS3377","STAFF","BL","Y","Y"
"KFS3378","KFS3378","KFS3378","STAFF","BL","Y","Y"
"KFS3379","KFS3379","KFS3379","STAFF","IN","Y","Y"
"KFS3380","KFS3380","KFS3380","STAFF","BL","Y","Y"
"KFS3381","KFS3381","KFS3381","STAFF","IN","Y","Y"
"KFS3382","KFS3382","KFS3382","STAFF","IN","Y","Y"
"KFS3383","KFS3383","KFS3383","STAFF","KO","Y","Y"
"KFS3384","KFS3384","KFS3384","STAFF","BL","Y","Y"
"KFS3385","KFS3385","KFS3385","STAFF","BL","Y","Y"
"KFS3386","KFS3386","KFS3386","STAFF","BL","Y","Y"
"KFS3387","KFS3387","KFS3387","STAFF","BL","Y","Y"
"KFS3388","KFS3388","KFS3388","STAFF","BL","Y","Y"
"KFS3389","KFS3389","KFS3389","STAFF","SB","Y","Y"
"KFS3390","KFS3390","KFS3390","STAFF","BL","Y","Y"
"KFS3391","KFS3391","KFS3391","STAFF","BL","Y","Y"
"KFS3392","KFS3392","KFS3392","STAFF","IN","Y","Y"
"KFS3393","KFS3393","KFS3393","STAFF","BL","Y","Y"
"KFS3394","KFS3394","KFS3394","STAFF","BL","Y","Y"
"KFS3395","KFS3395","KFS3395","STAFF","IN","Y","Y"
"KFS3396","KFS3396","KFS3396","STAFF","BL","Y","Y"
"KFS3397","KFS3397","KFS3397","STAFF","BL","Y","Y"
"KFS3398","KFS3398","KFS3398","STAFF","BL","Y","Y"
"KFS3399","KFS3399","KFS3399","STAFF","NW","Y","Y"
"KFS3400","KFS3400","KFS3400","STAFF","BL","Y","Y"
"KFS3401","KFS3401","KFS3401","STAFF","EA","Y","Y"
"KFS3402","KFS3402","KFS3402","STAFF","IN","Y","Y"
"KFS3403","KFS3403","KFS3403","STAFF","IN","Y","Y"
"KFS3404","KFS3404","KFS3404","STAFF","EA","Y","Y"
"KFS3405","KFS3405","KFS3405","STAFF","BL","Y","Y"
"KFS3406","KFS3406","KFS3406","STAFF","SB","Y","Y"
"KFS3407","KFS3407","KFS3407","STAFF","BL","Y","Y"
"KFS3408","KFS3408","KFS3408","STAFF","IN","Y","Y"
"KFS3409","KFS3409","KFS3409","STAFF","IN","Y","Y"
"KFS3410","KFS3410","KFS3410","STAFF","SE","Y","Y"
"KFS3411","KFS3411","KFS3411","STAFF","IN","Y","Y"
"KFS3412","KFS3412","KFS3412","STAFF","BL","Y","Y"
"KFS3413","KFS3413","KFS3413","STAFF","BL","Y","Y"
"KFS3414","KFS3414","KFS3414","STAFF","IN","Y","Y"
"KFS3415","KFS3415","KFS3415","STAFF","BL","Y","Y"
"KFS3416","KFS3416","KFS3416","STAFF","BL","Y","Y"
"KFS3417","KFS3417","KFS3417","STAFF","BL","Y","Y"
"KFS3418","KFS3418","KFS3418","STAFF","IN","Y","Y"
"KFS3419","KFS3419","KFS3419","STAFF","IN","Y","Y"
"KFS3420","KFS3420","KFS3420","STAFF","BL","Y","Y"
"KFS3421","KFS3421","KFS3421","STAFF","IN","Y","Y"
"KFS3422","KFS3422","KFS3422","STAFF","BL","Y","Y"
"KFS3423","KFS3423","KFS3423","STAFF","BL","Y","Y"
"KFS3424","KFS3424","KFS3424","STAFF","IN","Y","Y"
"KFS3425","KFS3425","KFS3425","STAFF","IN","Y","Y"
"KFS3426","KFS3426","KFS3426","STAFF","BL","Y","Y"
"KFS3427","KFS3427","KFS3427","STAFF","BL","Y","Y"
"KFS3428","KFS3428","KFS3428","STAFF","BL","Y","Y"
"KFS3429","KFS3429","KFS3429","STAFF","IN","Y","Y"
"KFS3430","KFS3430","KFS3430","STAFF","SB","Y","Y"
"KFS3431","KFS3431","KFS3431","STAFF","NW","Y","Y"
"KFS3432","KFS3432","KFS3432","STAFF","BL","Y","Y"
"KFS3433","KFS3433","KFS3433","STAFF","BL","Y","Y"
"KFS3434","KFS3434","KFS3434","STAFF","NW","Y","Y"
"KFS3435","KFS3435","KFS3435","STAFF","IN","Y","Y"
"KFS3436","KFS3436","KFS3436","STAFF","BL","Y","Y"
"KFS3437","KFS3437","KFS3437","STAFF","EA","Y","Y"
"KFS3438","KFS3438","KFS3438","STAFF","BL","Y","Y"
"KFS3439","KFS3439","KFS3439","STAFF","BL","Y","Y"
"KFS3440","KFS3440","KFS3440","STAFF","BL","Y","Y"
"KFS3441","KFS3441","KFS3441","STAFF","BL","Y","Y"
"KFS3442","KFS3442","KFS3442","STAFF","SB","Y","Y"
"KFS3443","KFS3443","KFS3443","STAFF","BL","Y","Y"
"KFS3444","KFS3444","KFS3444","STAFF","IN","Y","Y"
"KFS3445","KFS3445","KFS3445","STAFF","KO","Y","Y"
"KFS3446","KFS3446","KFS3446","STAFF","BL","Y","Y"
"KFS3447","KFS3447","KFS3447","STAFF","IN","Y","Y"
"KFS3448","KFS3448","KFS3448","STAFF","KO","Y","Y"
"KFS3449","KFS3449","KFS3449","STAFF","BL","Y","Y"
"KFS3450","KFS3450","KFS3450","STAFF","KO","Y","Y"
"KFS3451","KFS3451","KFS3451","STAFF","NW","Y","Y"
"KFS3452","KFS3452","KFS3452","STAFF","IN","Y","Y"
"KFS3453","KFS3453","KFS3453","STAFF","BL","Y","Y"
"KFS3454","KFS3454","KFS3454","STAFF","BL","Y","Y"
"KFS3455","KFS3455","KFS3455","STAFF","BL","Y","Y"
"KFS3456","KFS3456","KFS3456","STAFF","BL","Y","Y"
"KFS3457","KFS3457","KFS3457","STAFF","BL","Y","Y"
"KFS3458","KFS3458","KFS3458","STAFF","BL","Y","Y"
"KFS3459","KFS3459","KFS3459","STAFF","IN","Y","Y"
"KFS3460","KFS3460","KFS3460","STAFF","EA","Y","Y"
"KFS3461","KFS3461","KFS3461","STAFF","IN","Y","Y"
"KFS3462","KFS3462","KFS3462","STAFF","IN","Y","Y"
"KFS3463","KFS3463","KFS3463","STAFF","IN","Y","Y"
"KFS3464","KFS3464","KFS3464","STAFF","IN","Y","Y"
"KFS3465","KFS3465","KFS3465","STAFF","IN","Y","Y"
"KFS3466","KFS3466","KFS3466","STAFF","IN","Y","Y"
"KFS3467","KFS3467","KFS3467","STAFF","IN","Y","Y"
"KFS3468","KFS3468","KFS3468","STAFF","BL","Y","Y"
"KFS3469","KFS3469","KFS3469","STAFF","BL","Y","Y"
"KFS3470","KFS3470","KFS3470","STAFF","IN","Y","Y"
"KFS3471","KFS3471","KFS3471","STAFF","EA","Y","Y"
"KFS3472","KFS3472","KFS3472","STAFF","IN","Y","Y"
"KFS3473","KFS3473","KFS3473","STAFF","SB","Y","Y"
"KFS3474","KFS3474","KFS3474","STAFF","SE","Y","Y"
"KFS3475","KFS3475","KFS3475","STAFF","IN","Y","Y"
"KFS3476","KFS3476","KFS3476","STAFF","SB","Y","Y"
"KFS3477","KFS3477","KFS3477","STAFF","NW","Y","Y"
"KFS3478","KFS3478","KFS3478","STAFF","SB","Y","Y"
"KFS3479","KFS3479","KFS3479","STAFF","BL","Y","Y"
"KFS3480","KFS3480","KFS3480","STAFF","IN","Y","Y"
"KFS3481","KFS3481","KFS3481","STAFF","SB","Y","Y"
"KFS3482","KFS3482","KFS3482","STAFF","BL","Y","Y"
"KFS3483","KFS3483","KFS3483","STAFF","BL","Y","Y"
"KFS3484","KFS3484","KFS3484","STAFF","EA","Y","Y"
"KFS3485","KFS3485","KFS3485","STAFF","IN","Y","Y"
"KFS3486","KFS3486","KFS3486","STAFF","IN","Y","Y"
"KFS3487","KFS3487","KFS3487","STAFF","SE","Y","Y"
"KFS3488","KFS3488","KFS3488","STAFF","BL","Y","Y"
"KFS3489","KFS3489","KFS3489","STAFF","BL","Y","Y"
"KFS3490","KFS3490","KFS3490","STAFF","BL","Y","Y"
"KFS3491","KFS3491","KFS3491","STAFF","BL","Y","Y"
"KFS3492","KFS3492","KFS3492","STAFF","SB","Y","Y"
"KFS3493","KFS3493","KFS3493","STAFF","BL","Y","Y"
"KFS3494","KFS3494","KFS3494","STAFF","BL","Y","Y"
"KFS3495","KFS3495","KFS3495","STAFF","BL","Y","Y"
"KFS3496","KFS3496","KFS3496","STAFF","SB","Y","Y"
"KFS3497","KFS3497","KFS3497","STAFF","SE","Y","Y"
"KFS3498","KFS3498","KFS3498","STAFF","SE","Y","Y"
"KFS3499","KFS3499","KFS3499","STAFF","SB","Y","Y"
"KFS3500","KFS3500","KFS3500","STAFF","SE","Y","Y"
"KFS3501","KFS3501","KFS3501","STAFF","BL","Y","Y"
"KFS3502","KFS3502","KFS3502","STAFF","BL","Y","Y"
"KFS3503","KFS3503","KFS3503","STAFF","IN","Y","Y"
"KFS3504","KFS3504","KFS3504","STAFF","EA","Y","Y"
"KFS3505","KFS3505","KFS3505","STAFF","SB","Y","Y"
"KFS3506","KFS3506","KFS3506","STAFF","SB","Y","Y"
"KFS3507","KFS3507","KFS3507","STAFF","SE","Y","Y"
"KFS3508","KFS3508","KFS3508","STAFF","BL","Y","Y"
"KFS3509","KFS3509","KFS3509","STAFF","BL","Y","Y"
"KFS3510","KFS3510","KFS3510","STAFF","IN","Y","Y"
"KFS3511","KFS3511","KFS3511","STAFF","IN","Y","Y"
"KFS3512","KFS3512","KFS3512","STAFF","NW","Y","Y"
"KFS3513","KFS3513","KFS3513","STAFF","IN","Y","Y"
"KFS3514","KFS3514","KFS3514","STAFF","SE","Y","Y"
"KFS3515","KFS3515","KFS3515","STAFF","BL","Y","Y"
"KFS3516","KFS3516","KFS3516","STAFF","IN","Y","Y"
"KFS3517","KFS3517","KFS3517","STAFF","EA","Y","Y"
"KFS3518","KFS3518","KFS3518","STAFF","SB","Y","Y"
"KFS3519","KFS3519","KFS3519","STAFF","IN","Y","Y"
"KFS3520","KFS3520","KFS3520","STAFF","BL","Y","Y"
"KFS3521","KFS3521","KFS3521","STAFF","SB","Y","Y"
"KFS3522","KFS3522","KFS3522","STAFF","SB","Y","Y"
"KFS3523","KFS3523","KFS3523","STAFF","BL","Y","Y"
"KFS3524","KFS3524","KFS3524","STAFF","IN","Y","Y"
"KFS3525","KFS3525","KFS3525","STAFF","BL","Y","Y"
"KFS3526","KFS3526","KFS3526","STAFF","NW","Y","Y"
"KFS3527","KFS3527","KFS3527","STAFF","BL","Y","Y"
"KFS3528","KFS3528","KFS3528","STAFF","BL","Y","Y"
"KFS3529","KFS3529","KFS3529","STAFF","SB","Y","Y"
"KFS3530","KFS3530","KFS3530","STAFF","SE","Y","Y"
"KFS3531","KFS3531","KFS3531","STAFF","BL","Y","Y"
"KFS3532","KFS3532","KFS3532","STAFF","BL","Y","Y"
"KFS3533","KFS3533","KFS3533","STAFF","SE","Y","Y"
"KFS3534","KFS3534","KFS3534","STAFF","BL","Y","Y"
"KFS3535","KFS3535","KFS3535","STAFF","IN","Y","Y"
"KFS3536","KFS3536","KFS3536","STAFF","SE","Y","Y"
"KFS3537","KFS3537","KFS3537","STAFF","BL","Y","Y"
"KFS3538","KFS3538","KFS3538","STAFF","BL","Y","Y"
"KFS3539","KFS3539","KFS3539","STAFF","BL","Y","Y"
"KFS3540","KFS3540","KFS3540","STAFF","BL","Y","Y"
"KFS3541","KFS3541","KFS3541","STAFF","BL","Y","Y"
"KFS3542","KFS3542","KFS3542","STAFF","BL","Y","Y"
"KFS3543","KFS3543","KFS3543","STAFF","BL","Y","Y"
"KFS3544","KFS3544","KFS3544","STAFF","BL","Y","Y"
"KFS3545","KFS3545","KFS3545","STAFF","BL","Y","Y"
"KFS3546","KFS3546","KFS3546","STAFF","IN","Y","Y"
"KFS3547","KFS3547","KFS3547","STAFF","SB","Y","Y"
"KFS3548","KFS3548","KFS3548","STAFF","SB","Y","Y"
"KFS3549","KFS3549","KFS3549","STAFF","BL","Y","Y"
"KFS3550","KFS3550","KFS3550","STAFF","BL","Y","Y"
"KFS3551","KFS3551","KFS3551","STAFF","BL","Y","Y"
"KFS3552","KFS3552","KFS3552","STAFF","IN","Y","Y"
"KFS3553","KFS3553","KFS3553","STAFF","BL","Y","Y"
"KFS3554","KFS3554","KFS3554","STAFF","BL","Y","Y"
"KFS3555","KFS3555","KFS3555","STAFF","BL","Y","Y"
"KFS3556","KFS3556","KFS3556","STAFF","IN","Y","Y"
"KFS3557","KFS3557","KFS3557","STAFF","SE","Y","Y"
"KFS3558","KFS3558","KFS3558","STAFF","IN","Y","Y"
"KFS3559","KFS3559","KFS3559","STAFF","SB","Y","Y"
"KFS3560","KFS3560","KFS3560","STAFF","IN","Y","Y"
"KFS3561","KFS3561","KFS3561","STAFF","IN","Y","Y"
"KFS3562","KFS3562","KFS3562","STAFF","SE","Y","Y"
"KFS3563","KFS3563","KFS3563","STAFF","IN","Y","Y"
"KFS3564","KFS3564","KFS3564","STAFF","IN","Y","Y"
"KFS3565","KFS3565","KFS3565","STAFF","IN","Y","Y"
"KFS3566","KFS3566","KFS3566","STAFF","BL","Y","Y"
"KFS3567","KFS3567","KFS3567","STAFF","SB","Y","Y"
"KFS3568","KFS3568","KFS3568","STAFF","NW","Y","Y"
"KFS3569","KFS3569","KFS3569","STAFF","BL","Y","Y"
"KFS3570","KFS3570","KFS3570","STAFF","BL","Y","Y"
"KFS3571","KFS3571","KFS3571","STAFF","SB","Y","Y"
"KFS3572","KFS3572","KFS3572","STAFF","BL","Y","Y"
"KFS3573","KFS3573","KFS3573","STAFF","SE","Y","Y"
"KFS3574","KFS3574","KFS3574","STAFF","IN","Y","Y"
"KFS3575","KFS3575","KFS3575","STAFF","BL","Y","Y"
"KFS3576","KFS3576","KFS3576","STAFF","BL","Y","Y"
"KFS3577","KFS3577","KFS3577","STAFF","IN","Y","Y"
"KFS3578","KFS3578","KFS3578","STAFF","EA","Y","Y"
"KFS3579","KFS3579","KFS3579","STAFF","BL","Y","Y"
"KFS3580","KFS3580","KFS3580","STAFF","IN","Y","Y"
"KFS3581","KFS3581","KFS3581","STAFF","BL","Y","Y"
"KFS3582","KFS3582","KFS3582","STAFF","IN","Y","Y"
"KFS3583","KFS3583","KFS3583","STAFF","IN","Y","Y"
"KFS3584","KFS3584","KFS3584","STAFF","SE","Y","Y"
"KFS3585","KFS3585","KFS3585","STAFF","BL","Y","Y"
"KFS3586","KFS3586","KFS3586","STAFF","EA","Y","Y"
"KFS3587","KFS3587","KFS3587","STAFF","IN","Y","Y"
"KFS3588","KFS3588","KFS3588","STAFF","SB","Y","Y"
"KFS3589","KFS3589","KFS3589","STAFF","BL","Y","Y"
"KFS3590","KFS3590","KFS3590","STAFF","BL","Y","Y"
"KFS3591","KFS3591","KFS3591","STAFF","BL","Y","Y"
"KFS3592","KFS3592","KFS3592","STAFF","BL","Y","Y"
"KFS3593","KFS3593","KFS3593","STAFF","BL","Y","Y"
"KFS3594","KFS3594","KFS3594","STAFF","BL","Y","Y"
"KFS3595","KFS3595","KFS3595","STAFF","BL","Y","Y"
"KFS3596","KFS3596","KFS3596","STAFF","BL","Y","Y"
"KFS3597","KFS3597","KFS3597","STAFF","BL","Y","Y"
"KFS3598","KFS3598","KFS3598","STAFF","SB","Y","Y"
"KFS3599","KFS3599","KFS3599","STAFF","BL","Y","Y"
"KFS3600","KFS3600","KFS3600","STAFF","BL","Y","Y"
"KFS3601","KFS3601","KFS3601","STAFF","BL","Y","Y"
"KFS3602","KFS3602","KFS3602","STAFF","BL","Y","Y"
"KFS3603","KFS3603","KFS3603","STAFF","BL","Y","Y"
"KFS3604","KFS3604","KFS3604","STAFF","SE","Y","Y"
"KFS3605","KFS3605","KFS3605","STAFF","SB","Y","Y"
"KFS3606","KFS3606","KFS3606","STAFF","BL","Y","Y"
"KFS3607","KFS3607","KFS3607","STAFF","SB","Y","Y"
"KFS3608","KFS3608","KFS3608","STAFF","BL","Y","Y"
"KFS3609","KFS3609","KFS3609","STAFF","BL","Y","Y"
"KFS3610","KFS3610","KFS3610","STAFF","BL","Y","Y"
"KFS3611","KFS3611","KFS3611","STAFF","SB","Y","Y"
"KFS3612","KFS3612","KFS3612","STAFF","IN","Y","Y"
"KFS3613","KFS3613","KFS3613","STAFF","BL","Y","Y"
"KFS3614","KFS3614","KFS3614","STAFF","SE","Y","Y"
"KFS3615","KFS3615","KFS3615","STAFF","IN","Y","Y"
"KFS3616","KFS3616","KFS3616","STAFF","IN","Y","Y"
"KFS3617","KFS3617","KFS3617","STAFF","IN","Y","Y"
"KFS3618","KFS3618","KFS3618","STAFF","BL","Y","Y"
"KFS3619","KFS3619","KFS3619","STAFF","BL","Y","Y"
"KFS3620","KFS3620","KFS3620","STAFF","BL","Y","Y"
"KFS3621","KFS3621","KFS3621","STAFF","IN","Y","Y"
"KFS3622","KFS3622","KFS3622","STAFF","BL","Y","Y"
"KFS3623","KFS3623","KFS3623","STAFF","BL","Y","Y"
"KFS3624","KFS3624","KFS3624","STAFF","IN","Y","Y"
"KFS3625","KFS3625","KFS3625","STAFF","BL","Y","Y"
"KFS3626","KFS3626","KFS3626","STAFF","BL","Y","Y"
"KFS3627","KFS3627","KFS3627","STAFF","BL","Y","Y"
"KFS3628","KFS3628","KFS3628","STAFF","BL","Y","Y"
"KFS3629","KFS3629","KFS3629","STAFF","BL","Y","Y"
"KFS3630","KFS3630","KFS3630","STAFF","BL","Y","Y"
"KFS3631","KFS3631","KFS3631","STAFF","BL","Y","Y"
"KFS3632","KFS3632","KFS3632","STAFF","BL","Y","Y"
"KFS3633","KFS3633","KFS3633","STAFF","BL","Y","Y"
"KFS3634","KFS3634","KFS3634","STAFF","IN","Y","Y"
"KFS3635","KFS3635","KFS3635","STAFF","IN","Y","Y"
"KFS3636","KFS3636","KFS3636","STAFF","IN","Y","Y"
"KFS3637","KFS3637","KFS3637","STAFF","BL","Y","Y"
"KFS3638","KFS3638","KFS3638","STAFF","IN","Y","Y"
"KFS3639","KFS3639","KFS3639","STAFF","IN","Y","Y"
"KFS3640","KFS3640","KFS3640","STAFF","BL","Y","Y"
"KFS3641","KFS3641","KFS3641","STAFF","IN","Y","Y"
"KFS3642","KFS3642","KFS3642","STAFF","BL","Y","Y"
"KFS3643","KFS3643","KFS3643","STAFF","IN","Y","Y"
"KFS3644","KFS3644","KFS3644","STAFF","BL","Y","Y"
"KFS3645","KFS3645","KFS3645","STAFF","KO","Y","Y"
"KFS3646","KFS3646","KFS3646","STAFF","KO","Y","Y"
"KFS3647","KFS3647","KFS3647","STAFF","IN","Y","Y"
"KFS3648","KFS3648","KFS3648","STAFF","IN","Y","Y"
"KFS3649","KFS3649","KFS3649","STAFF","IN","Y","Y"
"KFS3650","KFS3650","KFS3650","STAFF","IN","Y","Y"
"KFS3651","KFS3651","KFS3651","STAFF","BL","Y","Y"
"KFS3652","KFS3652","KFS3652","STAFF","BL","Y","Y"
"KFS3653","KFS3653","KFS3653","STAFF","SB","Y","Y"
"KFS3654","KFS3654","KFS3654","STAFF","SB","Y","Y"
"KFS3655","KFS3655","KFS3655","STAFF","SB","Y","Y"
"KFS3656","KFS3656","KFS3656","STAFF","BL","Y","Y"
"KFS3657","KFS3657","KFS3657","STAFF","SB","Y","Y"
"KFS3658","KFS3658","KFS3658","STAFF","BL","Y","Y"
"KFS3659","KFS3659","KFS3659","STAFF","IN","Y","Y"
"KFS3660","KFS3660","KFS3660","STAFF","NW","Y","Y"
"KFS3661","KFS3661","KFS3661","STAFF","IN","Y","Y"
"KFS3662","KFS3662","KFS3662","STAFF","SB","Y","Y"
"KFS3663","KFS3663","KFS3663","STAFF","EA","Y","Y"
"KFS3664","KFS3664","KFS3664","STAFF","IN","Y","Y"
"KFS3665","KFS3665","KFS3665","STAFF","IN","Y","Y"
"KFS3666","KFS3666","KFS3666","STAFF","IN","Y","Y"
"KFS3667","KFS3667","KFS3667","STAFF","BL","Y","Y"
"KFS3668","KFS3668","KFS3668","STAFF","IN","Y","Y"
"KFS3669","KFS3669","KFS3669","STAFF","BL","Y","Y"
"KFS3670","KFS3670","KFS3670","STAFF","SE","Y","Y"
"KFS3671","KFS3671","KFS3671","STAFF","BL","Y","Y"
"KFS3672","KFS3672","KFS3672","STAFF","IN","Y","Y"
"KFS3673","KFS3673","KFS3673","STAFF","BL","Y","Y"
"KFS3674","KFS3674","KFS3674","STAFF","BL","Y","Y"
"KFS3675","KFS3675","KFS3675","STAFF","IN","Y","Y"
"KFS3676","KFS3676","KFS3676","STAFF","BL","Y","Y"
"KFS3677","KFS3677","KFS3677","STAFF","BL","Y","Y"
"KFS3678","KFS3678","KFS3678","STAFF","SE","Y","Y"
"KFS3679","KFS3679","KFS3679","STAFF","BL","Y","Y"
"KFS3680","KFS3680","KFS3680","STAFF","IN","Y","Y"
"KFS3681","KFS3681","KFS3681","STAFF","BL","Y","Y"
"KFS3682","KFS3682","KFS3682","STAFF","IN","Y","Y"
"KFS3683","KFS3683","KFS3683","STAFF","BL","Y","Y"
"KFS3684","KFS3684","KFS3684","STAFF","BL","Y","Y"
"KFS3685","KFS3685","KFS3685","STAFF","SB","Y","Y"
"KFS3686","KFS3686","KFS3686","STAFF","BL","Y","Y"
"KFS3687","KFS3687","KFS3687","STAFF","BL","Y","Y"
"KFS3688","KFS3688","KFS3688","STAFF","BL","Y","Y"
"KFS3689","KFS3689","KFS3689","STAFF","BL","Y","Y"
"KFS3690","KFS3690","KFS3690","STAFF","EA","Y","Y"
"KFS3691","KFS3691","KFS3691","STAFF","IN","Y","Y"
"KFS3692","KFS3692","KFS3692","STAFF","IN","Y","Y"
"KFS3693","KFS3693","KFS3693","STAFF","BL","Y","Y"
"KFS3694","KFS3694","KFS3694","STAFF","IN","Y","Y"
"KFS3695","KFS3695","KFS3695","STAFF","BL","Y","Y"
"KFS3696","KFS3696","KFS3696","STAFF","BL","Y","Y"
"KFS3697","KFS3697","KFS3697","STAFF","IN","Y","Y"
"KFS3698","KFS3698","KFS3698","STAFF","BL","Y","Y"
"KFS3699","KFS3699","KFS3699","STAFF","SE","Y","Y"
"KFS3700","KFS3700","KFS3700","STAFF","BL","Y","Y"
"KFS3701","KFS3701","KFS3701","STAFF","IN","Y","Y"
"KFS3702","KFS3702","KFS3702","STAFF","IN","Y","Y"
"KFS3703","KFS3703","KFS3703","STAFF","BL","Y","Y"
"KFS3704","KFS3704","KFS3704","STAFF","IN","Y","Y"
"KFS3705","KFS3705","KFS3705","STAFF","BL","Y","Y"
"KFS3706","KFS3706","KFS3706","STAFF","BL","Y","Y"
"KFS3707","KFS3707","KFS3707","STAFF","IN","Y","Y"
"KFS3708","KFS3708","KFS3708","STAFF","SB","Y","Y"
"KFS3709","KFS3709","KFS3709","STAFF","EA","Y","Y"
"KFS3710","KFS3710","KFS3710","STAFF","BL","Y","Y"
"KFS3711","KFS3711","KFS3711","STAFF","BL","Y","Y"
"KFS3712","KFS3712","KFS3712","STAFF","BL","Y","Y"
"KFS3713","KFS3713","KFS3713","STAFF","BL","Y","Y"
"KFS3714","KFS3714","KFS3714","STAFF","IN","Y","Y"
"KFS3715","KFS3715","KFS3715","STAFF","IN","Y","Y"
"KFS3716","KFS3716","KFS3716","STAFF","BL","Y","Y"
"KFS3717","KFS3717","KFS3717","STAFF","BL","Y","Y"
"KFS3718","KFS3718","KFS3718","STAFF","IN","Y","Y"
"KFS3719","KFS3719","KFS3719","STAFF","IN","Y","Y"
"KFS3720","KFS3720","KFS3720","STAFF","IN","Y","Y"
"KFS3721","KFS3721","KFS3721","STAFF","BL","Y","Y"
"KFS3722","KFS3722","KFS3722","STAFF","IN","Y","Y"
"KFS3723","KFS3723","KFS3723","STAFF","IN","Y","Y"
"KFS3724","KFS3724","KFS3724","STAFF","BL","Y","Y"
"KFS3725","KFS3725","KFS3725","STAFF","BL","Y","Y"
"KFS3726","KFS3726","KFS3726","STAFF","IN","Y","Y"
"KFS3727","KFS3727","KFS3727","STAFF","BL","Y","Y"
"KFS3728","KFS3728","KFS3728","STAFF","SB","Y","Y"
"KFS3729","KFS3729","KFS3729","STAFF","SB","Y","Y"
"KFS3730","KFS3730","KFS3730","STAFF","SB","Y","Y"
"KFS3731","KFS3731","KFS3731","STAFF","EA","Y","Y"
"KFS3732","KFS3732","KFS3732","STAFF","IN","Y","Y"
"KFS3733","KFS3733","KFS3733","STAFF","IN","Y","Y"
"KFS3734","KFS3734","KFS3734","STAFF","IN","Y","Y"
"KFS3735","KFS3735","KFS3735","STAFF","BL","Y","Y"
"KFS3736","KFS3736","KFS3736","STAFF","BL","Y","Y"
"KFS3737","KFS3737","KFS3737","STAFF","BL","Y","Y"
"KFS3738","KFS3738","KFS3738","STAFF","BL","Y","Y"
"KFS3739","KFS3739","KFS3739","STAFF","SB","Y","Y"
"KFS3740","KFS3740","KFS3740","STAFF","BL","Y","Y"
"KFS3741","KFS3741","KFS3741","STAFF","IN","Y","Y"
"KFS3742","KFS3742","KFS3742","STAFF","EA","Y","Y"
"KFS3743","KFS3743","KFS3743","STAFF","BL","Y","Y"
"KFS3744","KFS3744","KFS3744","STAFF","BL","Y","Y"
"KFS3745","KFS3745","KFS3745","STAFF","BL","Y","Y"
"KFS3746","KFS3746","KFS3746","STAFF","SB","Y","Y"
"KFS3747","KFS3747","KFS3747","STAFF","EA","Y","Y"
"KFS3748","KFS3748","KFS3748","STAFF","SB","Y","Y"
"KFS3749","KFS3749","KFS3749","STAFF","IN","Y","Y"
"KFS3750","KFS3750","KFS3750","STAFF","BL","Y","Y"
"KFS3751","KFS3751","KFS3751","STAFF","SE","Y","Y"
"KFS3752","KFS3752","KFS3752","STAFF","IN","Y","Y"
"KFS3753","KFS3753","KFS3753","STAFF","SB","Y","Y"
"KFS3754","KFS3754","KFS3754","STAFF","IN","Y","Y"
"KFS3755","KFS3755","KFS3755","STAFF","EA","Y","Y"
"KFS3756","KFS3756","KFS3756","STAFF","SB","Y","Y"
"KFS3757","KFS3757","KFS3757","STAFF","BL","Y","Y"
"KFS3758","KFS3758","KFS3758","STAFF","BL","Y","Y"
"KFS3759","KFS3759","KFS3759","STAFF","EA","Y","Y"
"KFS3760","KFS3760","KFS3760","STAFF","BL","Y","Y"
"KFS3761","KFS3761","KFS3761","STAFF","EA","Y","Y"
"KFS3762","KFS3762","KFS3762","STAFF","BL","Y","Y"
"KFS3763","KFS3763","KFS3763","STAFF","BL","Y","Y"
"KFS3764","KFS3764","KFS3764","STAFF","IN","Y","Y"
"KFS3765","KFS3765","KFS3765","STAFF","BL","Y","Y"
"KFS3766","KFS3766","KFS3766","STAFF","IN","Y","Y"
"KFS3767","KFS3767","KFS3767","STAFF","EA","Y","Y"
"KFS3768","KFS3768","KFS3768","STAFF","EA","Y","Y"
"KFS3769","KFS3769","KFS3769","STAFF","EA","Y","Y"
"KFS3770","KFS3770","KFS3770","STAFF","IN","Y","Y"
"KFS3771","KFS3771","KFS3771","STAFF","EA","Y","Y"
"KFS3772","KFS3772","KFS3772","STAFF","BL","Y","Y"
"KFS3773","KFS3773","KFS3773","STAFF","BL","Y","Y"
"KFS3774","KFS3774","KFS3774","STAFF","BL","Y","Y"
"KFS3775","KFS3775","KFS3775","STAFF","IN","Y","Y"
"KFS3776","KFS3776","KFS3776","STAFF","BL","Y","Y"
"KFS3777","KFS3777","KFS3777","STAFF","BL","Y","Y"
"KFS3778","KFS3778","KFS3778","STAFF","IN","Y","Y"
"KFS3779","KFS3779","KFS3779","STAFF","IN","Y","Y"
"KFS3780","KFS3780","KFS3780","STAFF","BL","Y","Y"
"KFS3781","KFS3781","KFS3781","STAFF","EA","Y","Y"
"KFS3782","KFS3782","KFS3782","STAFF","IN","Y","Y"
"KFS3783","KFS3783","KFS3783","STAFF","BL","Y","Y"
"KFS3784","KFS3784","KFS3784","STAFF","BL","Y","Y"
"KFS3785","KFS3785","KFS3785","STAFF","BL","Y","Y"
"KFS3786","KFS3786","KFS3786","STAFF","BL","Y","Y"
"KFS3787","KFS3787","KFS3787","STAFF","SE","Y","Y"
"KFS3788","KFS3788","KFS3788","STAFF","IN","Y","Y"
"KFS3789","KFS3789","KFS3789","STAFF","IN","Y","Y"
"KFS3790","KFS3790","KFS3790","STAFF","BL","Y","Y"
"KFS3791","KFS3791","KFS3791","STAFF","BL","Y","Y"
"KFS3792","KFS3792","KFS3792","STAFF","NW","Y","Y"
"KFS3793","KFS3793","KFS3793","STAFF","SB","Y","Y"
"KFS3794","KFS3794","KFS3794","STAFF","IN","Y","Y"
"KFS3795","KFS3795","KFS3795","STAFF","EA","Y","Y"
"KFS3796","KFS3796","KFS3796","STAFF","SB","Y","Y"
"KFS3797","KFS3797","KFS3797","STAFF","BL","Y","Y"
"KFS3798","KFS3798","KFS3798","STAFF","IN","Y","Y"
"KFS3799","KFS3799","KFS3799","STAFF","EA","Y","Y"
"KFS3800","KFS3800","KFS3800","STAFF","BL","Y","Y"
"KFS3801","KFS3801","KFS3801","STAFF","BL","Y","Y"
"KFS3802","KFS3802","KFS3802","STAFF","SB","Y","Y"
"KFS3803","KFS3803","KFS3803","STAFF","BL","Y","Y"
"KFS3804","KFS3804","KFS3804","STAFF","BL","Y","Y"
"KFS3805","KFS3805","KFS3805","STAFF","BL","Y","Y"
"KFS3806","KFS3806","KFS3806","STAFF","IN","Y","Y"
"KFS3807","KFS3807","KFS3807","STAFF","BL","Y","Y"
"KFS3808","KFS3808","KFS3808","STAFF","IN","Y","Y"
"KFS3809","KFS3809","KFS3809","STAFF","BL","Y","Y"
"KFS3810","KFS3810","KFS3810","STAFF","IN","Y","Y"
"KFS3811","KFS3811","KFS3811","STAFF","EA","Y","Y"
"KFS3812","KFS3812","KFS3812","STAFF","IN","Y","Y"
"KFS3813","KFS3813","KFS3813","STAFF","IN","Y","Y"
"KFS3814","KFS3814","KFS3814","STAFF","SE","Y","Y"
"KFS3815","KFS3815","KFS3815","STAFF","IN","Y","Y"
"KFS3816","KFS3816","KFS3816","STAFF","EA","Y","Y"
"KFS3817","KFS3817","KFS3817","STAFF","IN","Y","Y"
"KFS3818","KFS3818","KFS3818","STAFF","NW","Y","Y"
"KFS3819","KFS3819","KFS3819","STAFF","SE","Y","Y"
"KFS3820","KFS3820","KFS3820","STAFF","BL","Y","Y"
"KFS3821","KFS3821","KFS3821","STAFF","IN","Y","Y"
"KFS3822","KFS3822","KFS3822","STAFF","IN","Y","Y"
"KFS3823","KFS3823","KFS3823","STAFF","IN","Y","Y"
"KFS3824","KFS3824","KFS3824","STAFF","IN","Y","Y"
"KFS3825","KFS3825","KFS3825","STAFF","NW","Y","Y"
"KFS3826","KFS3826","KFS3826","STAFF","BL","Y","Y"
"KFS3827","KFS3827","KFS3827","STAFF","SB","Y","Y"
"KFS3828","KFS3828","KFS3828","STAFF","IN","Y","Y"
"KFS3829","KFS3829","KFS3829","STAFF","EA","Y","Y"
"KFS3830","KFS3830","KFS3830","STAFF","EA","Y","Y"
"KFS3831","KFS3831","KFS3831","STAFF","BL","Y","Y"
"KFS3832","KFS3832","KFS3832","STAFF","BL","Y","Y"
"KFS3833","KFS3833","KFS3833","STAFF","IN","Y","Y"
"KFS3834","KFS3834","KFS3834","STAFF","SB","Y","Y"
"KFS3835","KFS3835","KFS3835","STAFF","BL","Y","Y"
"KFS3836","KFS3836","KFS3836","STAFF","BL","Y","Y"
"KFS3837","KFS3837","KFS3837","STAFF","IN","Y","Y"
"KFS3838","KFS3838","KFS3838","STAFF","BL","Y","Y"
"KFS3839","KFS3839","KFS3839","STAFF","KO","Y","Y"
"KFS3840","KFS3840","KFS3840","STAFF","BL","Y","Y"
"KFS3841","KFS3841","KFS3841","STAFF","BL","Y","Y"
"KFS3842","KFS3842","KFS3842","STAFF","IN","Y","Y"
"KFS3843","KFS3843","KFS3843","STAFF","IN","Y","Y"
"KFS3844","KFS3844","KFS3844","STAFF","IN","Y","Y"
"KFS3845","KFS3845","KFS3845","STAFF","IN","Y","Y"
"KFS3846","KFS3846","KFS3846","STAFF","IN","Y","Y"
"KFS3847","KFS3847","KFS3847","STAFF","BL","Y","Y"
"KFS3848","KFS3848","KFS3848","STAFF","IN","Y","Y"
"KFS3849","KFS3849","KFS3849","STAFF","IN","Y","Y"
"KFS3850","KFS3850","KFS3850","STAFF","IN","Y","Y"
"KFS3851","KFS3851","KFS3851","STAFF","BL","Y","Y"
"KFS3852","KFS3852","KFS3852","STAFF","BL","Y","Y"
"KFS3853","KFS3853","KFS3853","STAFF","BL","Y","Y"
"KFS3854","KFS3854","KFS3854","STAFF","IN","Y","Y"
"KFS3855","KFS3855","KFS3855","STAFF","BL","Y","Y"
"KFS3856","KFS3856","KFS3856","STAFF","BL","Y","Y"
"KFS3857","KFS3857","KFS3857","STAFF","IN","Y","Y"
"KFS3858","KFS3858","KFS3858","STAFF","KO","Y","Y"
"KFS3859","KFS3859","KFS3859","STAFF","BL","Y","Y"
"KFS3860","KFS3860","KFS3860","STAFF","IN","Y","Y"
"KFS3861","KFS3861","KFS3861","STAFF","IN","Y","Y"
"KFS3862","KFS3862","KFS3862","STAFF","BL","Y","Y"
"KFS3863","KFS3863","KFS3863","STAFF","BL","Y","Y"
"KFS3864","KFS3864","KFS3864","STAFF","IN","Y","Y"
"KFS3865","KFS3865","KFS3865","STAFF","IN","Y","Y"
"KFS3866","KFS3866","KFS3866","STAFF","SB","Y","Y"
"KFS3867","KFS3867","KFS3867","STAFF","KO","Y","Y"
"KFS3868","KFS3868","KFS3868","STAFF","IN","Y","Y"
"KFS3869","KFS3869","KFS3869","STAFF","IN","Y","Y"
"KFS3870","KFS3870","KFS3870","STAFF","BL","Y","Y"
"KFS3871","KFS3871","KFS3871","STAFF","IN","Y","Y"
"KFS3872","KFS3872","KFS3872","STAFF","EA","Y","Y"
"KFS3873","KFS3873","KFS3873","STAFF","IN","Y","Y"
"KFS3874","KFS3874","KFS3874","STAFF","EA","Y","Y"
"KFS3875","KFS3875","KFS3875","STAFF","IN","Y","Y"
"KFS3876","KFS3876","KFS3876","STAFF","BL","Y","Y"
"KFS3877","KFS3877","KFS3877","STAFF","IN","Y","Y"
"KFS3878","KFS3878","KFS3878","STAFF","BL","Y","Y"
"KFS3879","KFS3879","KFS3879","STAFF","IN","Y","Y"
"KFS3880","KFS3880","KFS3880","STAFF","IN","Y","Y"
"KFS3881","KFS3881","KFS3881","FCLTY","EA","Y","Y"
"KFS3882","KFS3882","KFS3882","FCLTY","IN","Y","Y"
"KFS3883","KFS3883","KFS3883","FCLTY","BL","Y","Y"
"KFS3884","KFS3884","KFS3884","STAFF","BL","Y","Y"
"KFS3885","KFS3885","KFS3885","STAFF","IN","Y","Y"
"KFS3886","KFS3886","KFS3886","STAFF","BL","Y","Y"
"KFS3887","KFS3887","KFS3887","STAFF","EA","Y","Y"
"KFS3888","KFS3888","KFS3888","STAFF","SB","Y","Y"
"KFS3889","KFS3889","KFS3889","STAFF","BL","Y","Y"
"KFS3890","KFS3890","KFS3890","STAFF","BL","Y","Y"
"KFS3891","KFS3891","KFS3891","STAFF","IN","Y","Y"
"KFS3892","KFS3892","KFS3892","STAFF","IN","Y","Y"
"KFS3893","KFS3893","KFS3893","STAFF","BL","Y","Y"
"KFS3894","KFS3894","KFS3894","STAFF","BL","Y","Y"
"KFS3895","KFS3895","KFS3895","STAFF","KO","Y","Y"
"KFS3896","KFS3896","KFS3896","STAFF","SE","Y","Y"
"KFS3897","KFS3897","KFS3897","STAFF","BL","Y","Y"
"KFS3898","KFS3898","KFS3898","STAFF","BL","Y","Y"
"KFS3899","KFS3899","KFS3899","STAFF","IN","Y","Y"
"KFS3900","KFS3900","KFS3900","STAFF","BL","Y","Y"
"KFS3901","KFS3901","KFS3901","STAFF","EA","Y","Y"
"KFS3902","KFS3902","KFS3902","STAFF","IN","Y","Y"
"KFS3903","KFS3903","KFS3903","STAFF","IN","Y","Y"
"KFS3904","KFS3904","KFS3904","STAFF","BL","Y","Y"
"KFS3905","KFS3905","KFS3905","STAFF","BL","Y","Y"
"KFS3906","KFS3906","KFS3906","STAFF","SB","Y","Y"
"KFS3907","KFS3907","KFS3907","STAFF","EA","Y","Y"
"KFS3908","KFS3908","KFS3908","STAFF","KO","Y","Y"
"KFS3909","KFS3909","KFS3909","STAFF","BL","Y","Y"
"KFS3910","KFS3910","KFS3910","STAFF","IN","Y","Y"
"KFS3911","KFS3911","KFS3911","STAFF","EA","Y","Y"
"KFS3912","KFS3912","KFS3912","STAFF","SB","Y","Y"
"KFS3913","KFS3913","KFS3913","STAFF","IN","Y","Y"
"KFS3914","KFS3914","KFS3914","STAFF","IN","Y","Y"
"KFS3915","KFS3915","KFS3915","STAFF","IN","Y","Y"
"KFS3916","KFS3916","KFS3916","STAFF","IN","Y","Y"
"KFS3917","KFS3917","KFS3917","STAFF","BL","Y","Y"
"KFS3918","KFS3918","KFS3918","STAFF","BL","Y","Y"
"KFS3919","KFS3919","KFS3919","STAFF","BL","Y","Y"
"KFS3920","KFS3920","KFS3920","STAFF","BL","Y","Y"
"KFS3921","KFS3921","KFS3921","STAFF","IN","Y","Y"
"KFS3922","KFS3922","KFS3922","STAFF","IN","Y","Y"
"KFS3923","KFS3923","KFS3923","STAFF","IN","Y","Y"
"KFS3924","KFS3924","KFS3924","STAFF","BL","Y","Y"
"KFS3925","KFS3925","KFS3925","STAFF","EA","Y","Y"
"KFS3926","KFS3926","KFS3926","STAFF","BL","Y","Y"
"KFS3927","KFS3927","KFS3927","STAFF","BL","Y","Y"
"KFS3928","KFS3928","KFS3928","STAFF","IN","Y","Y"
"KFS3929","KFS3929","KFS3929","STAFF","IN","Y","Y"
"KFS3930","KFS3930","KFS3930","STAFF","EA","Y","Y"
"KFS3931","KFS3931","KFS3931","STAFF","BL","Y","Y"
"KFS3932","KFS3932","KFS3932","STAFF","IN","Y","Y"
"KFS3933","KFS3933","KFS3933","STAFF","KO","Y","Y"
"KFS3934","KFS3934","KFS3934","STAFF","BL","Y","Y"
"KFS3935","KFS3935","KFS3935","STAFF","IN","Y","Y"
"KFS3936","KFS3936","KFS3936","STAFF","EA","Y","Y"
"KFS3937","KFS3937","KFS3937","STAFF","IN","Y","Y"
"KFS3938","KFS3938","KFS3938","STAFF","IN","Y","Y"
"KFS3939","KFS3939","KFS3939","STAFF","SE","Y","Y"
"KFS3940","KFS3940","KFS3940","STAFF","EA","Y","Y"
"KFS3941","KFS3941","KFS3941","STAFF","EA","Y","Y"
"KFS3942","KFS3942","KFS3942","STAFF","SE","Y","Y"
"KFS3943","KFS3943","KFS3943","STAFF","IN","Y","Y"
"KFS3944","KFS3944","KFS3944","STAFF","EA","Y","Y"
"KFS3945","KFS3945","KFS3945","STAFF","EA","Y","Y"
"KFS3946","KFS3946","KFS3946","STAFF","SB","Y","Y"
"KFS3947","KFS3947","KFS3947","STAFF","BL","Y","Y"
"KFS3948","KFS3948","KFS3948","STAFF","IN","Y","Y"
"KFS3949","KFS3949","KFS3949","STAFF","SB","Y","Y"
"KFS3950","KFS3950","KFS3950","STAFF","NW","Y","Y"
"KFS3951","KFS3951","KFS3951","STAFF","BL","Y","Y"
"KFS3952","KFS3952","KFS3952","STAFF","BL","Y","Y"
"KFS3953","KFS3953","KFS3953","STAFF","SB","Y","Y"
"KFS3954","KFS3954","KFS3954","STAFF","BL","Y","Y"
"KFS3955","KFS3955","KFS3955","STAFF","IN","Y","Y"
"KFS3956","KFS3956","KFS3956","STAFF","BL","Y","Y"
"KFS3957","KFS3957","KFS3957","STAFF","SE","Y","Y"
"KFS3958","KFS3958","KFS3958","STAFF","IN","Y","Y"
"KFS3959","KFS3959","KFS3959","STAFF","IN","Y","Y"
"KFS3960","KFS3960","KFS3960","STAFF","SE","Y","Y"
"KFS3961","KFS3961","KFS3961","STAFF","KO","Y","Y"
"KFS3962","KFS3962","KFS3962","STAFF","BL","Y","Y"
"KFS3963","KFS3963","KFS3963","STAFF","SE","Y","Y"
"KFS3964","KFS3964","KFS3964","STAFF","IN","Y","Y"
"KFS3965","KFS3965","KFS3965","STAFF","NW","Y","Y"
"KFS3966","KFS3966","KFS3966","STAFF","BL","Y","Y"
"KFS3967","KFS3967","KFS3967","STAFF","SE","Y","Y"
"KFS3968","KFS3968","KFS3968","STAFF","IN","Y","Y"
"KFS3969","KFS3969","KFS3969","STAFF","IN","Y","Y"
"KFS3970","KFS3970","KFS3970","STAFF","BL","Y","Y"
"KFS3971","KFS3971","KFS3971","STAFF","IN","Y","Y"
"KFS3972","KFS3972","KFS3972","STAFF","SB","Y","Y"
"KFS3973","KFS3973","KFS3973","STAFF","IN","Y","Y"
"KFS3974","KFS3974","KFS3974","STAFF","IN","Y","Y"
"KFS3975","KFS3975","KFS3975","FCLTY","SE","Y","Y"
"KFS3976","KFS3976","KFS3976","FCLTY","SB","Y","Y"
"KFS3977","KFS3977","KFS3977","FCLTY","SB","Y","Y"
"KFS3978","KFS3978","KFS3978","STAFF","EA","Y","Y"
"KFS3979","KFS3979","KFS3979","STAFF","IN","Y","Y"
"KFS3980","KFS3980","KFS3980","STAFF","IN","Y","Y"
"KFS3981","KFS3981","KFS3981","STAFF","IN","Y","Y"
"KFS3982","KFS3982","KFS3982","STAFF","IN","Y","Y"
"KFS3983","KFS3983","KFS3983","STAFF","EA","Y","Y"
"KFS3984","KFS3984","KFS3984","STAFF","IN","Y","Y"
"KFS3985","KFS3985","KFS3985","STAFF","IN","Y","Y"
"KFS3986","KFS3986","KFS3986","STAFF","BL","Y","Y"
"KFS3987","KFS3987","KFS3987","STAFF","IN","Y","Y"
"KFS3988","KFS3988","KFS3988","STAFF","BL","Y","Y"
"KFS3989","KFS3989","KFS3989","STAFF","BL","Y","Y"
"KFS3990","KFS3990","KFS3990","STAFF","BL","Y","Y"
"KFS3991","KFS3991","KFS3991","STAFF","IN","Y","Y"
"KFS3992","KFS3992","KFS3992","STAFF","EA","Y","Y"
"KFS3993","KFS3993","KFS3993","STAFF","IN","Y","Y"
"KFS3994","KFS3994","KFS3994","STAFF","SB","Y","Y"
"KFS3995","KFS3995","KFS3995","STAFF","BL","Y","Y"
"KFS3996","KFS3996","KFS3996","STAFF","NW","Y","Y"
"KFS3997","KFS3997","KFS3997","STAFF","BL","Y","Y"
"KFS3998","KFS3998","KFS3998","STAFF","SE","Y","Y"
"KFS3999","KFS3999","KFS3999","STAFF","BL","Y","Y"
"KFS4000","KFS4000","KFS4000","STAFF","SE","Y","Y"
"KFS4001","KFS4001","KFS4001","STAFF","IN","Y","Y"
"KFS4002","KFS4002","KFS4002","STAFF","BL","Y","Y"
"KFS4003","KFS4003","KFS4003","STAFF","IN","Y","Y"
"KFS4004","KFS4004","KFS4004","STAFF","IN","Y","Y"
"KFS4005","KFS4005","KFS4005","STAFF","BL","Y","Y"
"KFS4006","KFS4006","KFS4006","STAFF","BL","Y","Y"
"KFS4007","KFS4007","KFS4007","STAFF","EA","Y","Y"
"KFS4008","KFS4008","KFS4008","STAFF","BL","Y","Y"
"KFS4009","KFS4009","KFS4009","STAFF","BL","Y","Y"
"KFS4010","KFS4010","KFS4010","STAFF","IN","Y","Y"
"KFS4011","KFS4011","KFS4011","STAFF","SE","Y","Y"
"KFS4012","KFS4012","KFS4012","STAFF","BL","Y","Y"
"KFS4013","KFS4013","KFS4013","STAFF","BL","Y","Y"
"KFS4014","KFS4014","KFS4014","STAFF","BL","Y","Y"
"KFS4015","KFS4015","KFS4015","STAFF","BL","Y","Y"
"KFS4016","KFS4016","KFS4016","STDNT","IN","Y","Y"
"KFS4017","KFS4017","KFS4017","STAFF","BL","Y","Y"
"KFS4018","KFS4018","KFS4018","STAFF","SB","Y","Y"
"KFS4019","KFS4019","KFS4019","STAFF","BL","Y","Y"
"KFS4020","KFS4020","KFS4020","STAFF","EA","Y","Y"
"KFS4021","KFS4021","KFS4021","STAFF","NW","Y","Y"
"KFS4022","KFS4022","KFS4022","STAFF","BL","Y","Y"
"KFS4023","KFS4023","KFS4023","STAFF","BL","Y","Y"
"KFS4024","KFS4024","KFS4024","STAFF","BL","Y","Y"
"KFS4025","KFS4025","KFS4025","STAFF","BL","Y","Y"
"KFS4026","KFS4026","KFS4026","STDNT","BL","Y","Y"
"KFS4027","KFS4027","KFS4027","STAFF","BL","Y","Y"
"KFS4028","KFS4028","KFS4028","STAFF","BL","Y","Y"
"KFS4029","KFS4029","KFS4029","STAFF","BL","Y","Y"
"KFS4030","KFS4030","KFS4030","STAFF","IN","Y","Y"
"KFS4031","KFS4031","KFS4031","STAFF","BL","Y","Y"
"KFS4032","KFS4032","KFS4032","STAFF","BL","Y","Y"
"KFS4033","KFS4033","KFS4033","STAFF","BL","Y","Y"
"KFS4034","KFS4034","KFS4034","STDNT","BL","Y","Y"
"KFS4035","KFS4035","KFS4035","STAFF","","Y","Y"
"KFS4036","KFS4036","KFS4036","STAFF","BL","Y","Y"
"KFS4042","KFS4042","KFS4042","STAFF","IN","Y","Y"
"KFS4043","KFS4043","KFS4043","STDNT","BL","Y","Y"
"KFS4044","KFS4044","KFS4044","STDNT","IN","Y","Y"
"KFS4045","KFS4045","KFS4045","STDNT","BL","Y","Y"
"KFS4046","KFS4046","KFS4046","STDNT","IN","Y","Y"
"KFS4047","KFS4047","KFS4047","STAFF","BL","Y","Y"
"KFS4048","KFS4048","KFS4048","STAFF","BL","Y","Y"
"KFS4049","KFS4049","KFS4049","STAFF","BL","Y","Y"
"KFS4050","KFS4050","KFS4050","STAFF","BL","Y","Y"
"KFS4051","KFS4051","KFS4051","STAFF","BL","Y","Y"
"KFS4052","KFS4052","KFS4052","STAFF","BL","Y","Y"
"KFS4053","KFS4053","KFS4053","STAFF","BL","Y","Y"
"KFS4054","KFS4054","KFS4054","STAFF","BL","Y","Y"
"KFS4055","KFS4055","KFS4055","STAFF","BL","Y","Y"
"KFS4056","KFS4056","KFS4056","STAFF","BL","Y","Y"
"KFS4057","KFS4057","KFS4057","STAFF","BL","Y","Y"
"KFS4058","KFS4058","KFS4058","STAFF","BL","Y","Y"
"KFS4059","KFS4059","KFS4059","STAFF","BL","Y","Y"
"KFS4060","KFS4060","KFS4060","STAFF","BL","Y","Y"
"KFS4061","KFS4061","KFS4061","STAFF","BL","Y","Y"
"KFS4062","KFS4062","KFS4062","STAFF","BL","Y","Y"
"KFS4063","KFS4063","KFS4063","STAFF","BL","Y","Y"
"KFS4064","KFS4064","KFS4064","STAFF","BL","Y","Y"
"KFS4065","KFS4065","KFS4065","STAFF","BL","Y","Y"
"KFS4066","KFS4066","KFS4066","STAFF","BL","Y","Y"
"KFS4067","KFS4067","KFS4067","STAFF","BL","Y","Y"
"KFS4068","KFS4068","KFS4068","STAFF","BL","Y","Y"
"KFS4069","KFS4069","KFS4069","STAFF","BL","Y","Y"
"KFS4070","KFS4070","KFS4070","STAFF","BL","Y","Y"
"KFS4071","KFS4071","KFS4071","STAFF","BL","Y","Y"
"KFS4072","KFS4072","KFS4072","STAFF","BL","Y","Y"
"KFS4073","KFS4073","KFS4073","STAFF","BL","Y","Y"
"KFS4074","KFS4074","KFS4074","STAFF","BL","Y","Y"
"KFS4075","KFS4075","KFS4075","STAFF","BL","Y","Y"
"KFS4076","KFS4076","KFS4076","STAFF","BL","Y","Y"
"KFS4077","KFS4077","KFS4077","STAFF","BL","Y","Y"
"KFS4078","KFS4078","KFS4078","STAFF","BL","Y","Y"
"KFS4079","KFS4079","KFS4079","STAFF","BL","Y","Y"
"KFS4080","KFS4080","KFS4080","STAFF","BL","Y","Y"
"KFS4081","KFS4081","KFS4081","STAFF","BL","Y","Y"
"KFS4082","KFS4082","KFS4082","STAFF","BL","Y","Y"
"KFS4083","KFS4083","KFS4083","STAFF","BL","Y","Y"
"KFS4084","KFS4084","KFS4084","STAFF","BL","Y","Y"
"KFS4085","KFS4085","KFS4085","STAFF","BL","Y","Y"
"KFS4086","KFS4086","KFS4086","STAFF","BL","Y","Y"
"KFS4087","KFS4087","KFS4087","STAFF","BL","Y","Y"
"KFS4088","KFS4088","KFS4088","STAFF","BL","Y","Y"
"KFS4089","KFS4089","KFS4089","STAFF","BL","Y","Y"
"KFS4090","KFS4090","KFS4090","STAFF","BL","Y","Y"
"KFS4091","KFS4091","KFS4091","STAFF","BL","Y","Y"
"KFS4092","KFS4092","KFS4092","STAFF","BL","Y","Y"
"KFS4093","KFS4093","KFS4093","STAFF","BL","Y","Y"
"KFS4094","KFS4094","KFS4094","STAFF","BL","Y","Y"
"KFS4095","KFS4095","KFS4095","STAFF","BL","Y","Y"
"KFS4096","KFS4096","KFS4096","STAFF","BL","Y","Y"
"KFS4097","KFS4097","KFS4097","STAFF","BL","Y","Y"
"KFS4098","KFS4098","KFS4098","STAFF","BL","Y","Y"
"KFS4099","KFS4099","KFS4099","STAFF","BL","Y","Y"
"KFS4100","KFS4100","KFS4100","STAFF","BL","Y","Y"
"KFS4101","KFS4101","KFS4101","STAFF","BL","Y","Y"
"KFS4102","KFS4102","KFS4102","STAFF","BL","Y","Y"
"KFS4103","KFS4103","KFS4103","STAFF","BL","Y","Y"
"KFS4104","KFS4104","KFS4104","STAFF","BL","Y","Y"
"KFS4105","KFS4105","KFS4105","STAFF","BL","Y","Y"
"KFS4106","KFS4106","KFS4106","STAFF","BL","Y","Y"
"KFS4107","KFS4107","KFS4107","STAFF","BL","Y","Y"
"KFS4108","KFS4108","KFS4108","STAFF","BL","Y","Y"
"KFS4109","KFS4109","KFS4109","STAFF","BL","Y","Y"
"KFS4110","KFS4110","KFS4110","STAFF","BL","Y","Y"
"KFS4111","KFS4111","KFS4111","STAFF","BL","Y","Y"
"KFS4112","KFS4112","KFS4112","STAFF","BL","Y","Y"
"KFS4113","KFS4113","KFS4113","STAFF","BL","Y","Y"
"KFS4114","KFS4114","KFS4114","STAFF","BL","Y","Y"
"KFS4115","KFS4115","KFS4115","STAFF","BL","Y","Y"
"KFS4116","KFS4116","KFS4116","STAFF","BL","Y","Y"
